Name,Main Mobile Script tags,Main Mobile Image tags,Main Mobile Div tags,Main Mobile Hyperlink tags,Mini Mobile Script tags,Mini Mobile Image tags,Mini Mobile Div tags,Mini Mobile Hyperlink tags,Main Web Script tags,Main Web Image tags,Main Web Div tags,Main Web Hyperlink tags,Mini Web Script tags,Mini Web Image tags,Mini Web Div tags,Mini Web Hyperlink tags,Transcoded
google.com,2,1,27,13,8,0,13,4,7,1,77,20,8,0,13,4,0
youtube.com,9,3,7,0,8,0,13,4,27,24,261,12,8,0,13,4,0
facebook.com,19,1,84,14,8,0,13,4,15,4,93,52,8,0,13,4,0
baidu.com,0,0,0,0,19,7,44,15,0,0,0,0,19,7,44,15,1
wikipedia.org,4,1,86,320,17,2,72,34,4,1,86,320,16,2,72,33,1
qq.com,16,128,528,846,25,8,109,40,16,128,528,846,25,8,109,40,1
tmall.com,6,0,0,0,8,0,13,4,11,3,91,56,8,0,13,4,0
taobao.com,7,0,2,0,20,16,121,15,15,36,110,24,20,16,121,15,1
yahoo.com,42,26,644,53,18,1,45,30,38,51,339,104,16,0,40,27,1
amazon.com,78,5,40,31,8,0,13,4,85,66,219,154,8,0,13,4,1
vk.com,4,2,33,12,19,2,35,14,18,1,102,37,18,2,35,13,1
sohu.com,10,19,220,320,22,5,62,65,16,103,319,507,22,5,62,65,1
twitter.com,5,3,12,5,8,0,13,4,11,3,202,42,8,0,13,4,0
jd.com,19,0,62,136,22,10,81,56,19,0,62,136,22,10,81,56,1
sina.com.cn,9,4,3,87,20,15,31,61,101,178,827,2052,20,15,31,61,1
weibo.com,6,0,56,5,8,0,13,4,15,1,14,34,8,0,13,4,0
live.com,4,0,0,0,8,0,13,4,4,0,0,0,8,0,13,4,0
360.cn,23,122,172,438,24,31,93,54,23,122,172,438,24,31,93,54,1
instagram.com,13,0,0,0,8,0,13,4,12,0,0,0,8,0,13,4,0
reddit.com,3,2,39,4,17,1,29,7,37,29,549,92,16,1,29,6,1
netflix.com,4,5,76,18,8,0,13,4,6,5,76,18,8,0,13,4,0
login.tmall.com,7,0,0,0,18,2,27,7,8,2,14,2,18,2,27,7,1
blogspot.com,3,42,25,16,28,14,31,8,3,42,25,16,28,14,31,8,1
twitch.tv,11,12,93,13,8,0,13,4,8,0,20,0,8,0,13,4,0
pornhub.com,26,27,323,166,23,15,66,77,29,33,771,323,23,16,66,76,1
yahoo.co.jp,29,6,609,108,8,0,13,4,29,18,118,255,8,0,13,4,0
mail.ru,10,32,88,72,17,9,31,76,65,8,77,37,17,9,31,76,1
yandex.ru,5,2,17,5,16,0,140,78,5,2,17,5,16,0,140,78,1
alipay.com,8,2,4,2,8,0,13,4,3,0,21,21,8,0,13,4,1
pages.tmall.com,4,0,11,4,8,0,13,4,9,0,39,15,8,0,13,4,1
csdn.net,19,1,18,26,19,5,94,59,35,66,458,392,19,5,94,59,1
aliexpress.com,29,0,119,91,21,6,51,40,14,5,114,134,21,6,51,40,1
t.co,1,1,2,13,16,1,20,17,1,1,2,13,16,1,20,17,1
bing.com,8,0,17,6,21,26,85,31,11,1,63,30,20,23,67,30,1
xvideos.com,3,6,9,17,20,7,23,42,59,51,374,327,19,7,23,41,1
google.co.in,2,1,31,16,8,0,13,4,7,1,157,42,8,0,13,4,0
bilibili.com,12,25,112,155,22,14,89,43,12,25,112,155,22,14,89,43,1
ebay.com,23,43,144,44,18,10,78,30,27,62,284,292,18,10,78,30,1
microsoft.com,20,16,79,67,8,0,13,4,20,16,79,67,8,0,13,4,1
linkedin.com,10,2,17,30,8,0,13,4,20,3,21,63,8,0,13,4,1
naver.com,22,44,352,156,22,20,85,31,22,36,191,335,22,20,85,31,1
google.com.hk,2,1,31,17,0,0,0,0,7,1,157,43,8,0,13,4,1
amazon.co.jp,80,5,43,31,8,0,13,4,89,64,178,126,8,0,13,4,1
imdb.com,47,40,264,133,20,15,74,50,100,47,397,245,20,15,74,50,1
tribunnews.com,27,62,332,213,8,0,13,4,40,113,630,402,8,0,13,4,1
soso.com,8,1,5,2,17,11,73,36,3,1,5,2,17,11,73,36,1
fandom.com,15,5,1510,166,20,4,79,109,15,5,1510,166,20,4,79,109,1
livejasmin.com,0,0,2,0,21,18,19,31,0,0,0,0,0,0,0,0,1
wordpress.com,0,0,0,0,0,0,0,0,0,0,0,0,18,2,56,29,1
github.com,3,31,129,92,0,0,0,0,0,0,0,0,0,0,0,0,1
xhamster.com,0,0,0,0,0,0,0,0,0,0,0,0,0,0,0,0,1
hao123.com,25,14,130,379,8,0,13,4,167,17,190,313,8,0,13,4,1
google.co.jp,2,1,31,17,8,0,13,4,7,1,157,43,8,0,13,4,0
exosrv.com,0,0,0,0,8,0,13,4,0,0,0,0,8,0,13,4,1
imgur.com,7,0,15,2,8,0,13,4,5,0,1,0,8,0,13,4,0
stackoverflow.com,6,0,607,612,17,0,109,102,12,13,1459,762,17,0,109,102,1
google.ru,2,1,31,17,8,0,13,4,7,1,157,43,8,0,13,4,0
msn.com,2,12,41,65,8,0,13,4,14,244,263,188,8,0,13,4,1
paypal.com,11,2,52,56,8,0,13,4,11,1,50,54,8,0,13,4,0
adobe.com,22,4,163,79,19,4,121,67,22,4,163,79,19,4,121,67,1
google.de,2,1,31,17,8,0,13,4,7,1,157,43,8,0,13,4,0
whatsapp.com,14,7,53,95,19,3,46,70,14,6,53,95,19,3,46,70,1
office.com,9,12,82,142,17,2,56,90,9,11,59,134,17,2,56,90,1
apple.com,11,0,45,101,19,3,36,28,11,0,45,101,19,3,36,28,1
so.com,15,0,24,15,18,4,37,20,22,1,10,39,19,4,37,21,1
okezone.com,31,29,451,386,18,2,159,182,26,8,410,284,18,2,159,182,1
163.com,0,0,0,0,8,0,13,4,0,0,0,0,8,0,13,4,1
dolohen.com,2,1,27,13,8,0,13,4,7,1,158,42,8,0,13,4,1
amazon.de,79,5,46,35,8,0,13,4,88,82,281,179,8,0,13,4,1
tumblr.com,24,2,48,40,17,0,43,29,30,5,78,18,17,0,43,29,1
porn555.com,0,0,2,0,20,11,30,718,0,0,2,0,20,11,30,718,1
fbcdn.net,19,1,84,14,16,2,57,16,15,4,93,52,16,2,57,16,1
pinterest.com,0,0,0,0,16,1,53,7,0,0,0,0,16,1,53,7,1
roblox.com,1,0,0,0,16,0,25,8,1,0,0,0,15,0,25,7,1
xinhuanet.com,31,90,368,783,20,18,77,120,31,90,368,783,20,18,77,120,1
amazon.in,87,5,88,52,8,0,13,4,107,72,270,153,8,0,13,4,1
bongacams.com,0,0,2,0,8,0,13,4,0,0,2,0,0,0,2,1,1
google.com.br,2,1,31,17,8,0,13,4,7,1,157,43,8,0,13,4,0
xnxx.com,0,0,2,0,20,7,23,42,60,49,227,161,19,7,23,41,1
detail.tmall.com,4,0,11,4,8,0,13,4,9,0,39,15,8,0,13,4,1
quora.com,0,0,0,0,8,0,13,4,0,0,0,0,8,0,13,4,1
google.fr,2,1,31,17,8,0,13,4,7,1,157,43,8,0,13,4,0
google.it,2,1,31,17,8,0,13,4,7,1,157,43,8,0,13,4,0
espn.com,27,52,208,131,17,8,56,65,26,80,287,179,17,8,56,65,1
pixnet.net,10,0,21,0,21,5,59,9,10,0,26,0,21,5,59,9,1
amazon.co.uk,79,6,58,35,8,0,13,4,92,71,184,173,8,0,13,4,1
popads.net,0,0,0,0,15,0,60,17,0,0,0,0,15,0,60,17,1
booking.com,29,4,117,12,18,2,73,15,55,44,401,239,18,2,73,15,1
detik.com,41,65,344,115,8,0,13,4,54,153,607,267,8,0,13,4,1
googleusercontent.com,0,0,0,0,8,0,13,4,0,0,0,0,8,0,13,4,1
tianya.cn,5,39,116,11,21,10,49,20,7,2,24,26,21,10,49,20,1
iqiyi.com,0,0,0,0,8,0,13,4,0,0,0,0,8,0,13,4,1
aparat.com,44,6,379,174,22,10,74,64,41,10,372,170,22,10,74,64,1
onlinesbi.com,7,7,105,142,22,27,89,95,7,7,105,142,22,27,89,95,1
bbc.com,59,71,431,288,17,5,83,71,59,71,431,288,17,5,83,71,1
nicovideo.jp,25,8,383,53,23,24,227,50,18,7,466,241,23,24,227,50,1
cnblogs.com,11,21,211,184,20,9,53,56,11,21,211,184,20,9,53,56,1
bbc.co.uk,75,31,431,138,17,4,79,70,75,31,431,138,17,4,79,70,1
babytree.com,29,51,128,468,18,11,32,84,29,51,128,468,18,11,32,84,1
google.co.uk,2,1,31,16,8,0,13,4,7,1,157,42,8,0,13,4,0
douyu.com,0,0,0,0,23,18,78,16,0,0,0,0,23,18,78,16,1
amazonaws.com,17,83,811,414,19,9,127,432,17,83,811,414,19,9,127,432,1
thestartmagazine.com,0,0,0,0,22,24,175,4,0,0,0,0,22,24,175,4,1
ettoday.net,24,16,59,112,8,0,13,4,44,52,173,294,8,0,13,4,1
dropbox.com,45,23,66,20,20,12,42,4,45,23,66,20,20,12,42,4,1
soundcloud.com,8,0,10,5,17,5,50,17,12,0,13,9,17,5,50,17,1
rakuten.co.jp,60,15,146,95,31,41,181,87,0,0,0,0,31,41,181,87,1
google.es,2,1,31,17,8,0,13,4,7,1,157,43,8,0,13,4,0
ebay.de,22,111,331,83,22,24,120,41,31,96,432,304,22,24,120,41,1
chaturbate.com,17,183,1366,788,8,0,13,4,29,100,392,927,8,0,13,4,0
zhihu.com,4,1,18,1,8,0,13,4,6,2,49,20,8,0,13,4,0
craigslist.org,6,0,35,392,17,2,41,669,6,0,35,392,18,2,41,670,1
instructure.com,11,5,37,24,17,2,42,12,9,4,37,24,17,2,42,12,1
spotify.com,12,4,32,30,17,1,33,28,12,4,32,30,17,1,33,28,1
discordapp.com,6,101,38,50,8,0,13,4,6,101,38,50,8,0,13,4,0
cnn.com,31,15,98,217,8,0,13,4,31,15,98,217,8,0,13,4,0
dailymotion.com,22,0,1,0,25,55,440,110,22,0,1,0,25,55,440,110,1
avito.ru,11,4,381,52,8,0,13,4,75,36,377,257,8,0,13,4,0
nih.gov,20,16,110,178,27,13,81,125,20,16,110,178,27,13,81,125,1
uclaut.net,32,6,41,31,17,11,26,18,32,6,41,31,17,11,26,18,1
steamcommunity.com,20,14,132,97,17,1,68,77,20,14,132,97,17,1,68,77,1
researchgate.net,19,3,138,31,18,9,67,11,19,3,138,31,18,9,67,11,1
ok.ru,11,5,29,6,19,2,93,23,25,34,493,156,19,2,93,23,1
nytimes.com,15,1,312,228,20,7,90,39,15,10,335,228,20,7,90,39,1
google.com.mx,2,1,31,17,8,0,13,4,7,1,157,43,8,0,13,4,0
stackexchange.com,9,75,266,402,17,12,84,82,9,75,266,402,17,12,84,82,1
openload.co,22,1,50,17,8,0,13,4,22,1,50,17,8,0,13,4,0
panda.tv,11,3,9,10,22,10,71,19,16,168,1030,229,22,10,71,19,1
mediafire.com,21,5,95,54,17,2,78,26,21,5,95,54,17,2,78,26,1
douban.com,13,0,12,23,15,0,21,24,8,64,280,443,15,0,21,24,1
zhanqi.tv,6,8,34,0,24,16,78,4,34,96,331,148,24,16,78,4,1
theguardian.com,9,63,782,342,21,4,86,90,9,63,782,342,23,7,81,88,1
slideshare.net,9,37,245,211,20,6,52,34,9,30,243,223,20,6,52,34,1
gmw.cn,15,64,445,606,19,12,56,166,15,64,445,606,19,12,56,166,1
fc2.com,8,0,15,68,8,0,13,4,8,8,32,101,8,0,13,4,0
softonic.com,26,201,359,248,20,13,90,120,33,168,289,173,20,13,90,120,1
ask.com,11,0,22,5,16,1,27,11,11,0,22,5,16,1,27,11,1
txxx.com,0,0,2,0,21,12,64,134,0,0,2,0,21,12,64,134,1
china.com.cn,7,68,153,649,25,145,296,122,7,68,153,649,25,145,296,122,1
daum.net,9,66,204,266,18,8,164,76,8,94,228,273,19,8,164,77,1
chase.com,19,3,178,97,22,7,82,47,19,3,178,97,22,7,82,47,1
google.com.tr,2,1,31,17,8,0,13,4,7,1,157,43,8,0,13,4,0
vimeo.com,22,4,53,71,23,8,41,44,17,0,1,0,23,8,41,44,1
etsy.com,43,14,256,50,19,6,103,336,41,14,313,73,19,6,103,336,1
ebay.co.uk,23,87,267,69,23,26,118,41,30,114,501,314,23,26,118,41,1
rensovetors.info,0,0,0,0,8,0,13,4,0,0,0,0,8,0,13,4,1
tokopedia.com,10,28,119,29,19,26,127,17,18,134,397,206,19,26,127,17,1
primevideo.com,25,7,37,36,16,1,29,24,25,7,37,36,16,1,29,24,1
google.cn,1,1,1,4,8,0,13,4,1,1,1,4,8,0,13,4,0
globo.com,22,57,229,231,8,0,13,4,22,57,229,231,8,0,13,4,0
jianshu.com,9,3,17,8,8,0,13,4,7,21,47,58,8,0,13,4,1
flipkart.com,0,0,0,0,8,0,13,4,14,37,212,204,8,0,13,4,0
spankbang.com,11,98,206,180,20,9,49,34,16,171,380,435,20,9,49,34,1
hulu.com,11,22,130,16,22,3,60,11,10,22,130,16,22,3,60,11,1
gamepedia.com,16,17,81,123,19,5,42,25,16,17,81,123,19,5,42,25,1
deviantart.com,0,0,2,0,27,39,176,81,0,0,2,0,27,39,176,81,1
duckduckgo.com,0,0,6,1,8,0,13,4,7,0,15,2,8,0,13,4,0
walmart.com,31,21,199,74,24,9,79,796,31,21,200,74,24,9,79,796,1
google.com.tw,2,1,31,17,8,0,13,4,7,1,157,43,8,0,13,4,0
steampowered.com,22,134,1457,303,16,0,130,115,22,134,1457,303,16,0,130,115,1
onlinevideoconverter.com,14,6,55,41,17,3,58,25,14,6,55,41,17,3,58,25,1
google.ca,2,1,31,16,8,0,13,4,7,1,76,20,8,0,13,4,0
yts.am,13,55,115,62,20,8,75,26,11,28,115,62,20,8,75,26,1
mega.nz,1,0,10,1,8,0,13,4,1,0,10,1,8,0,13,4,0
thepiratebay.org,7,2,24,16,19,2,32,19,1,0,3,24,19,2,32,19,1
uol.com.br,13,92,147,190,8,0,13,4,44,174,431,475,8,0,13,4,1
vice.com,36,33,255,53,18,0,100,36,36,33,255,53,18,0,100,36,1
indeed.com,20,3,23,24,19,1,18,7,4,2,48,16,19,1,18,7,1
bet9ja.com,3,0,67,22,18,6,368,71,3,0,67,22,18,6,368,71,1
scribd.com,30,25,63,73,21,5,38,37,29,25,63,73,21,5,38,37,1
jf71qh5v14.com,0,0,0,0,8,0,13,4,0,0,0,0,8,0,13,4,0
allornamenti.com,0,0,0,0,8,0,13,4,0,0,0,0,8,0,13,4,0
myornamenti.com,0,0,0,0,8,0,13,4,0,0,0,0,8,0,13,4,0
sciencedirect.com,5,1,144,127,16,0,66,39,5,1,140,127,16,0,66,39,1
digikala.com,17,143,669,241,23,12,93,31,16,168,897,1245,24,12,93,32,1
twimg.com,0,0,0,0,8,0,13,4,0,0,0,0,8,0,13,4,1
w3schools.com,8,3,116,273,17,0,37,141,8,3,116,273,17,0,37,141,1
youporn.com,0,0,2,0,22,5,48,77,0,0,2,0,22,6,49,77,1
ornament-i.com,0,0,0,0,8,0,13,4,0,0,0,0,8,0,13,4,0
sogou.com,8,1,5,2,17,11,73,36,12,0,42,79,18,11,73,37,1
mercadolivre.com.br,6,45,195,85,8,0,13,4,6,46,265,141,8,0,13,4,0
amazon.fr,79,5,44,36,8,0,13,4,107,70,260,156,8,0,13,4,1
natintersuptors.info,0,0,0,0,8,0,13,4,0,0,0,0,8,0,13,4,1
caijing.com.cn,0,0,0,0,8,0,13,4,0,0,0,0,8,0,13,4,1
livejournal.com,12,7,53,42,16,0,35,37,12,7,53,42,16,0,35,37,1
dailymail.co.uk,35,240,848,1229,18,6,41,24,65,1178,1059,1221,18,6,41,24,1
blogger.com,3,42,25,16,28,14,31,8,3,42,25,16,28,14,31,8,1
sindonews.com,36,35,175,206,21,15,62,118,36,61,427,226,21,15,62,118,1
wikihow.com,50,58,98,55,26,11,47,22,73,98,182,147,26,11,47,22,1
45eijvhgj2.com,0,0,0,0,8,0,13,4,0,0,0,0,8,0,13,4,0
bet365.com,5,0,53,4,8,0,13,4,5,12,76,51,8,0,13,4,0
nfkd2ug8d9.com,0,0,0,0,8,0,13,4,0,0,0,0,8,0,13,4,0
medium.com,0,0,2,0,18,4,75,41,0,0,2,0,17,4,75,40,1
google.pl,2,1,31,17,8,0,13,4,7,1,76,21,8,0,13,4,0
doublepimp.com,15,1,14,3,16,1,41,9,15,1,14,3,16,1,41,9,1
amazon.it,80,5,44,30,8,0,13,4,88,64,178,151,8,0,13,4,1
zillow.com,16,1,48,310,16,0,37,120,16,2,49,309,16,0,37,120,1
bukalapak.com,7,20,89,44,18,37,80,33,32,44,470,146,18,37,80,33,1
quizlet.com,61,2,422,99,17,2,97,13,61,2,421,97,17,2,97,13,1
52pojie.cn,6,29,21,61,18,18,47,39,23,36,169,341,18,18,47,39,1
cnet.com,30,80,199,243,20,7,53,97,37,164,471,476,20,7,53,97,1
google.com.sa,2,1,31,17,8,0,13,4,7,1,157,43,8,0,13,4,0
ebay-kleinanzeigen.de,18,3,75,216,23,32,146,105,12,33,151,322,23,32,146,105,1
alibaba.com,28,28,101,43,23,41,179,60,42,2,142,111,23,41,179,60,1
news-speaker.com,0,0,0,0,8,0,13,4,0,0,0,0,8,0,13,4,0
yelp.com,19,10,91,32,8,0,13,4,18,38,326,214,8,0,13,4,1
google.co.id,2,1,31,17,8,0,13,4,7,1,157,43,8,0,13,4,0
sarkariresult.com,9,3,69,310,19,0,90,177,8,2,69,310,19,0,90,177,1
godaddy.com,17,9,441,232,19,3,87,76,17,13,493,237,19,3,87,76,1
google.com.ar,2,1,31,17,8,0,13,4,7,1,157,43,8,0,13,4,0
rambler.ru,16,8,500,106,27,20,164,56,38,5,388,252,27,20,164,56,1
kinopoisk.ru,40,62,618,204,25,29,193,71,61,33,314,224,25,29,193,71,1
academia.edu,30,7,67,29,16,2,42,19,30,7,67,29,16,2,42,19,1
youm7.com,23,167,234,398,26,13,55,48,33,208,323,452,26,13,55,48,1
google.co.th,2,1,31,17,8,0,13,4,7,1,157,43,8,0,13,4,0
exoclick.com,7,33,66,88,23,5,62,55,7,33,66,88,23,5,62,55,1
canva.com,16,2,2,1,17,2,19,5,3,0,111,45,17,2,19,5,1
rutracker.org,16,153,91,980,8,0,13,4,16,153,91,980,8,0,13,4,0
eastday.com,37,144,442,546,22,17,70,65,37,144,442,546,22,17,70,65,1
otvfoco.com.br,35,44,375,252,24,5,53,40,35,44,375,252,24,5,53,40,1
intuit.com,6,22,267,139,19,11,96,38,6,22,267,139,19,11,96,38,1
abs-cbn.com,30,191,225,149,29,11,54,92,28,101,225,149,29,11,54,92,1
google.co.kr,2,1,31,17,8,0,13,4,7,1,157,43,8,0,13,4,0
savefrom.net,49,6,135,62,15,0,36,58,49,6,135,62,15,0,36,58,1
uod2quk646.com,0,0,0,0,8,0,13,4,0,0,0,0,8,0,13,4,0
archive.org,14,33,775,159,19,7,126,137,14,33,775,159,19,7,126,137,1
google.com.eg,2,1,31,17,8,0,13,4,7,1,157,43,8,0,13,4,0
indiatimes.com,39,97,216,322,16,2,22,6,47,112,277,442,16,2,22,6,1
udemy.com,0,0,0,0,18,2,234,26,0,0,0,0,18,2,234,26,1
ikea.com,10,4,79,125,18,2,65,40,8,3,79,125,18,2,65,40,1
pixiv.net,26,13,154,94,24,31,90,65,26,1,25,39,24,31,90,65,1
redd.it,3,2,39,4,16,1,29,6,37,23,547,90,16,1,29,6,1
amazon.es,77,5,44,32,8,0,13,4,88,64,178,149,8,0,13,4,1
1337x.to,0,0,2,0,8,0,13,4,0,0,2,0,8,0,13,4,0
kompas.com,29,61,267,232,21,13,80,58,41,49,433,273,22,16,78,59,1
huanqiu.com,32,69,219,385,16,4,22,7,32,69,219,385,16,4,22,7,1
speedtest.net,4,3,41,95,17,2,42,91,10,0,66,88,17,2,42,91,1
tripadvisor.com,110,26,1047,310,30,63,665,111,105,34,1057,321,30,63,665,111,1
kakaku.com,57,58,138,150,18,7,68,60,49,60,484,296,18,7,68,60,1
gfycat.com,10,30,198,72,17,8,84,41,10,30,216,76,17,8,84,41,1
rrbonlinereg.net,7,7,75,28,22,6,79,32,7,7,75,28,22,6,79,32,1
dmm.co.jp,13,0,16,33,15,0,26,37,14,0,11,2,15,0,26,37,1
bankofamerica.com,21,15,368,162,19,10,100,64,21,15,368,162,19,10,100,64,1
messenger.com,22,6,83,9,22,6,68,7,14,3,67,8,22,6,68,7,1
google.com.au,2,1,31,16,8,0,13,4,7,1,157,42,8,0,13,4,0
shutterstock.com,21,1,350,253,21,5,76,87,19,0,350,253,21,5,76,87,1
allegro.pl,45,363,1838,1927,8,0,13,4,59,384,2602,1572,0,0,0,0,1
redtube.com,55,42,277,259,20,11,53,30,75,76,489,254,19,10,52,28,1
rednet.cn,48,104,359,945,23,16,47,130,48,104,359,945,23,16,47,130,1
varzesh3.com,0,0,0,0,22,8,104,33,0,0,0,0,22,8,104,33,1
flirt4free.com,12,210,1782,234,20,8,98,122,19,257,10065,5213,21,8,98,123,1
hotstar.com,8,1,54,43,18,3,57,25,8,1,54,43,18,3,57,25,1
chouftv.ma,20,24,40,49,24,7,31,26,29,133,304,334,24,7,31,26,1
airbnb.com,72,1,169,12,19,1,98,6,72,1,169,11,19,1,98,6,1
ouo.io,3,9,40,13,17,1,34,10,3,9,40,13,17,1,34,10,1
amazon.ca,75,5,39,30,8,0,13,4,107,77,264,147,8,0,13,4,1
buzzfeed.com,62,40,300,137,26,19,212,95,62,40,300,137,26,19,212,95,1
rebrecoronerin.info,0,0,0,0,8,0,13,4,0,0,0,0,8,0,13,4,1
pinimg.com,0,0,0,0,16,1,53,7,0,0,0,0,16,1,53,7,1
1688.com,11,15,42,24,24,23,58,25,25,27,272,185,24,23,58,25,1
tistory.com,8,5,17,29,20,25,36,22,17,11,109,49,20,25,36,22,1
reverso.net,13,5,24,22,16,2,35,18,31,8,91,144,16,2,35,18,1
youku.com,10,35,212,35,8,0,13,4,13,217,1051,665,8,0,13,4,0
browsergames2019.com,0,0,0,0,8,0,13,4,0,0,0,0,8,0,13,4,0
liputan6.com,27,151,950,307,19,6,100,55,26,163,393,441,19,6,100,55,1
mozilla.org,6,51,172,203,18,4,44,83,6,51,172,203,18,4,44,83,1
3dmgame.com,11,67,255,135,20,23,136,56,15,143,656,832,20,23,136,56,1
patreon.com,17,5,336,59,18,4,78,16,17,5,336,59,18,4,78,16,1
freepik.com,59,107,538,271,20,7,36,192,59,107,538,271,20,7,36,192,1
wetransfer.com,15,0,2,1,16,3,37,8,15,0,2,1,16,3,37,8,1
aliyun.com,0,0,0,0,19,4,66,116,0,0,0,0,19,4,66,116,1
ltn.com.tw,50,123,280,437,26,18,68,186,50,123,280,437,25,18,68,186,1
kissanime.ru,0,0,0,0,8,0,13,4,0,0,0,0,8,0,13,4,0
genius.com,17,9,223,64,19,12,134,24,17,12,217,96,19,12,134,24,1
google.com.ua,2,1,31,17,8,0,13,4,7,1,157,43,8,0,13,4,0
breitbart.com,0,0,0,0,22,1,27,41,0,0,0,0,21,1,27,44,1
salesforce.com,36,12,990,457,17,1,117,263,36,12,990,457,17,1,117,263,1
wikimedia.org,0,16,19,21,20,11,31,18,0,16,19,21,20,11,31,18,1
rt.com,30,22,235,149,23,8,85,51,30,22,235,149,23,8,85,51,1
indoxxi.bz,12,38,243,202,19,9,67,73,10,31,243,202,19,9,67,73,1
ladbible.com,20,89,336,141,24,6,55,39,20,89,336,141,25,8,53,37,1
bp.blogspot.com,0,0,0,0,8,0,13,4,0,0,0,0,8,0,13,4,1
op.gg,41,19,55,25,22,13,61,24,45,17,33,30,22,13,61,24,1
greatdexchange.com,0,0,0,0,8,0,13,4,0,0,0,0,8,0,13,4,0
line.me,5,0,30,41,17,2,23,34,6,13,27,52,17,2,23,34,1
weather.com,17,16,206,49,19,11,132,27,19,5,244,31,19,11,132,27,1
amazon.cn,81,15,77,40,8,0,13,4,104,45,333,152,8,0,13,4,1
9gag.com,11,0,1,2,27,23,53,45,11,58,302,101,27,23,53,45,1
uptodown.com,8,99,779,161,22,12,117,44,8,99,779,161,23,12,117,45,1
kooora.com,10,1,0,0,22,25,65,90,10,1,0,0,22,25,65,90,1
baike.com,14,77,50,210,23,14,46,81,10,102,147,518,23,14,46,81,1
yy.com,8,21,77,45,21,17,37,21,14,29,97,73,21,17,37,21,1
wellsfargo.com,7,15,73,103,21,10,69,82,9,65,242,181,21,10,69,82,1
namnak.com,5,65,199,107,20,14,63,33,5,65,199,107,20,14,63,33,1
ameblo.jp,7,47,21,69,19,21,46,21,6,45,56,68,19,21,46,21,1
youdao.com,4,5,8,13,16,6,33,17,8,1,51,42,16,6,33,17,1
livedoor.jp,16,20,42,167,19,17,29,57,20,20,24,138,19,17,29,57,1
washingtonpost.com,33,49,602,208,24,7,134,70,47,53,767,276,24,9,126,62,1
doubleclick.net,10,13,163,94,18,3,34,38,10,13,163,94,18,3,34,38,1
xfinity.com,37,5,74,144,17,2,88,55,37,5,74,144,17,2,88,55,1
zippyshare.com,26,18,41,26,16,1,36,27,25,18,41,26,16,1,36,27,1
getawesome1.com,5,0,6,5,15,0,21,10,5,0,6,5,15,0,21,10,1
adexchangegate.com,0,0,0,0,8,0,13,4,0,0,0,0,8,0,13,4,0
blackboard.com,11,72,211,316,18,2,65,145,11,72,211,316,18,2,65,145,1
bestbuy.com,5,15,17,12,8,0,13,4,0,0,0,0,8,0,13,4,1
momoshop.com.tw,4,1,0,0,37,46,85,86,4,1,0,0,32,38,82,82,1
grid.id,28,53,366,171,22,11,115,37,37,66,274,216,22,11,115,37,1
weebly.com,9,4,91,86,19,3,49,30,9,4,92,86,19,3,49,30,1
dspmulti.com,0,0,0,0,8,0,13,4,0,0,0,0,8,0,13,4,1
samsung.com,12,18,249,57,20,8,49,160,12,18,249,57,20,8,49,160,1
foxnews.com,7,113,842,856,23,5,48,127,5,112,842,856,22,5,49,126,1
friv.com,1,0,0,2,17,6,25,4,1,0,0,2,17,6,25,4,1
internetdownloadmanager.com,2,34,8,22,19,16,50,13,2,34,8,22,19,16,50,13,1
livescore.com,10,10,351,281,20,7,166,213,10,10,351,281,20,7,166,213,1
gamespot.com,32,30,85,78,20,7,46,52,34,31,164,128,20,7,46,52,1
siteadvisor.com,3,0,0,0,18,5,190,62,5,2,5,0,18,5,190,62,1
cambridge.org,21,48,181,125,19,13,71,47,21,48,181,125,19,13,71,47,1
rarbg.to,13,4,7,32,8,0,13,4,13,4,7,32,8,0,13,4,0
myway.com,3,2,15,0,17,15,59,21,3,2,15,0,17,15,59,21,1
gearbest.com,10,41,96,181,23,31,105,174,11,121,438,857,23,31,105,174,1
gazeta.ru,51,48,199,254,20,3,42,40,69,74,690,433,20,3,42,40,1
homedepot.com,0,0,0,0,8,0,13,4,0,0,0,0,8,0,13,4,0
asos.com,26,7,630,472,17,2,29,22,24,56,484,476,17,2,29,22,1
motorsport.com,14,36,434,387,18,2,87,175,14,36,434,387,18,2,87,175,1
myshopify.com,0,0,0,0,15,0,28,10,0,0,0,0,15,0,28,10,1
force.com,37,27,1512,600,17,1,93,248,37,27,1512,600,17,1,93,248,1
cbssports.com,30,52,382,152,19,4,152,83,27,52,423,437,19,4,152,83,1
namu.wiki,18,32,103,172,19,0,70,132,18,32,103,172,19,0,70,132,1
wordreference.com,6,0,9,94,17,0,21,78,6,0,9,94,17,0,21,78,1
popcash.net,9,21,86,53,20,7,77,19,9,21,86,53,20,7,77,19,1
spotscenered.info,0,0,2,0,15,0,27,5,0,0,2,0,15,0,27,5,1
animeflv.net,16,89,15,95,18,14,37,66,19,46,103,136,18,14,37,66,1
userapi.com,4,2,33,12,17,0,35,14,18,1,102,37,17,0,35,14,1
googlevideo.com,2,1,25,13,16,1,37,36,5,0,124,36,16,1,37,36,1
list.tmall.com,6,0,0,0,8,0,13,4,11,3,91,56,8,0,13,4,0
forbes.com,11,0,126,274,17,0,77,152,11,0,126,274,17,0,77,152,1
rrbonlinereg.co.in,7,7,75,28,22,6,79,32,7,7,75,28,22,6,79,32,1
marca.com,65,52,144,142,20,10,67,30,64,60,173,383,20,10,67,30,1
dkn.tv,35,114,426,427,28,7,54,120,37,241,722,711,28,7,54,120,1
shopify.com,0,0,0,0,18,2,36,51,0,0,0,0,18,2,36,51,1
zol.com.cn,12,167,542,1645,19,15,51,100,12,167,542,1645,19,15,51,100,1
termometropolitico.it,14,0,0,0,24,5,43,90,14,0,0,0,24,5,43,90,1
leboncoin.fr,0,0,0,0,15,0,46,13,15,0,116,169,15,0,46,13,1
thesaurus.com,16,13,27,56,18,12,41,20,16,14,28,60,18,12,41,20,1
theepochtimes.com,13,186,255,445,20,6,49,101,10,184,269,590,20,6,49,101,1
reallifecam.com,7,0,2,0,8,0,13,4,7,0,2,0,8,0,13,4,0
toutiao.com,6,0,1,0,16,2,21,6,15,0,1,0,16,2,21,6,1
17ok.com,13,89,448,393,17,6,94,82,13,89,448,393,17,6,94,82,1
trello.com,19,26,46,22,16,0,101,23,19,26,46,22,16,0,101,23,1
hrahdmon.com,0,0,2,0,15,0,27,5,0,0,2,0,15,0,27,5,1
taboola.com,35,22,182,106,17,0,85,23,35,22,182,106,17,0,85,23,1
sourceforge.net,57,13,158,203,17,6,62,141,57,13,159,205,17,6,62,141,1
hespress.com,10,21,75,75,25,8,41,43,32,119,466,404,25,8,41,43,1
olx.ua,11,1,1,0,8,0,13,4,32,28,299,342,8,0,13,4,0
pikabu.ru,0,0,0,0,19,2,56,44,0,0,0,0,20,2,56,45,1
sex.com,0,0,2,0,19,4,47,38,0,0,2,0,8,0,13,4,1
shaparak.ir,9,18,78,105,23,16,50,22,9,18,78,105,23,16,50,22,1
aol.com,57,131,706,486,19,2,65,73,59,152,858,524,19,2,65,73,1
ultimate-guitar.com,19,24,115,137,21,11,40,55,13,1,3,0,21,11,40,55,1
iqoption.com,5,1,2,0,17,1,19,4,5,1,2,0,17,1,19,4,1
irctc.co.in,7,1,6,0,8,0,13,4,7,1,6,0,8,0,13,4,0
kumparan.com,15,53,960,203,16,0,434,101,15,74,946,122,16,0,434,101,1
yao.tmall.com,10,5,9,0,25,25,197,40,8,138,277,634,25,25,197,40,1
constintptr.com,2,1,27,13,8,0,13,4,7,1,158,42,8,0,13,4,1
flickr.com,11,2,34,20,15,0,32,20,11,2,35,20,15,0,32,20,1
ign.com,27,30,234,164,24,9,60,32,27,27,244,148,22,9,65,83,1
lordfilms.tv,0,0,0,0,23,6,59,115,0,0,0,0,23,6,59,115,1
fiverr.com,0,1,0,4,8,0,13,4,28,50,221,376,8,0,13,4,1
orange.fr,23,84,431,150,24,19,146,83,25,58,256,116,24,19,146,83,1
jrj.com.cn,51,68,384,958,24,17,63,157,51,68,384,958,24,17,63,157,1
mgid.com,12,35,85,19,19,24,95,34,9,0,0,0,19,24,95,34,1
myanimelist.net,30,160,249,333,28,170,256,186,38,93,304,383,28,170,256,186,1
goodreads.com,15,37,92,195,23,27,37,108,24,61,163,136,23,27,37,108,1
bodelen.com,2,1,27,13,8,0,13,4,7,1,158,42,8,0,13,4,1
hp.com,16,15,187,373,16,0,30,87,16,15,187,373,16,0,30,87,1
freejobalert.com,20,2,123,198,21,38,109,201,20,2,123,198,21,38,109,201,1
infourok.ru,31,24,414,127,22,2,57,23,31,24,414,127,22,2,57,23,1
egy.best,11,100,49,143,16,1,25,20,11,100,49,143,16,1,25,20,1
ssc.nic.in,20,123,225,208,8,0,13,4,20,123,225,208,8,0,13,4,0
cinecalidad.to,9,30,71,68,22,6,37,26,9,30,71,68,22,6,37,26,1
yandex.kz,13,4,270,96,16,0,132,63,19,7,249,124,16,0,132,63,1
telegram.org,0,0,0,0,21,9,54,20,0,0,0,0,21,9,54,20,1
mercadolibre.com.ar,6,51,209,83,8,0,13,4,6,48,264,141,8,0,13,4,1
outbrain.com,4,12,96,50,16,0,48,17,4,12,96,50,16,0,48,17,1
rly-rect-appn.in,1,0,0,0,8,0,13,4,1,0,0,0,8,0,13,4,0
wordpress.org,7,7,23,51,20,4,21,18,7,7,23,51,20,4,21,18,1
google.gr,2,1,31,17,8,0,13,4,7,1,157,43,8,0,13,4,0
cdstm.cn,21,106,312,308,23,18,57,112,21,106,312,308,23,20,59,112,1
manoramaonline.com,22,46,500,385,17,13,91,136,22,46,500,385,17,13,91,136,1
geeksforgeeks.org,41,5,174,322,19,0,70,38,41,5,174,322,19,0,70,38,1
pixabay.com,6,37,125,142,21,7,45,45,6,37,125,142,21,7,45,45,1
cloudfront.net,0,0,0,0,8,0,13,4,0,0,0,0,8,0,13,4,1
ibps.in,21,10,54,66,8,0,13,4,21,10,54,66,8,0,13,4,0
droom.in,20,22,266,213,26,24,161,130,29,36,364,661,26,24,161,130,1
doublepimpssl.com,0,0,2,0,15,0,27,5,0,0,2,0,15,0,27,5,1
files.wordpress.com,6,8,223,78,18,2,56,29,6,8,223,78,18,2,56,29,1
springer.com,18,30,144,124,18,7,47,90,18,30,144,124,18,7,47,90,1
subscene.com,18,4,74,74,8,0,13,4,18,4,74,74,8,0,13,4,0
notify-service.com,0,0,0,0,15,0,22,6,0,0,0,0,15,0,22,6,1
discogs.com,8,8,75,1261,17,1,31,66,10,11,99,1346,17,1,31,66,1
target.com,12,37,285,122,17,3,74,78,12,37,285,122,17,3,74,78,1
cobalten.com,6,2,8,1,8,0,13,4,6,2,8,1,8,0,13,4,1
elpais.com,43,133,826,826,20,6,74,154,43,133,826,826,20,6,74,154,1
setn.com,26,112,654,384,21,9,106,94,26,123,662,391,21,9,106,94,1
evernote.com,9,32,202,134,20,4,45,52,9,32,201,132,20,4,45,52,1
ria.ru,107,39,788,152,18,2,76,17,107,39,788,152,18,2,76,17,1
avgle.com,40,96,646,263,23,6,71,28,40,96,646,263,23,6,71,28,1
idntimes.com,46,112,595,331,8,0,13,4,51,130,469,414,8,0,13,4,1
lenta.ru,18,26,77,121,18,3,39,27,21,65,497,285,18,3,39,27,1
yourporn.sexy,0,0,2,0,8,0,13,4,0,0,2,0,8,0,13,4,0
nga.cn,11,22,167,90,26,15,57,24,11,22,167,90,26,15,57,24,1
olx.pl,11,1,1,0,8,0,13,4,38,27,324,377,8,0,13,4,0
free.fr,5,67,720,167,18,7,202,73,5,67,720,167,18,7,202,73,1
slack.com,16,50,69,84,23,9,59,30,16,50,72,85,23,9,59,30,1
wattpad.com,32,8,58,21,19,7,56,22,32,28,123,16,19,7,56,22,1
nexusmods.com,16,71,697,387,17,3,61,60,16,71,697,387,17,3,61,60,1
americanexpress.com,14,19,869,370,17,1,52,70,15,19,869,370,17,1,52,70,1
billdesk.com,1,13,0,5,8,0,13,4,1,13,0,5,8,0,13,4,0
goo.ne.jp,34,357,549,443,16,10,21,125,46,104,299,565,16,10,21,125,1
huaban.com,12,20,103,57,18,14,38,20,32,1,13,9,18,14,38,20,1
google.com.pk,2,1,31,16,8,0,13,4,7,1,157,42,8,0,13,4,0
gismeteo.ru,16,1,261,78,20,8,115,44,16,38,292,152,20,8,115,44,1
office365.com,20,8,72,131,8,0,13,4,20,8,72,131,8,0,13,4,1
elmwatin.com,28,239,586,192,28,15,137,37,27,129,586,192,28,15,137,37,1
leagueoflegends.com,27,0,31,3,16,0,109,44,27,0,31,3,16,0,109,44,1
humparsi.com,2,1,27,13,16,1,35,36,7,1,158,42,16,1,35,36,1
chegg.com,19,12,121,97,22,10,38,36,16,15,123,130,22,10,38,36,1
51sole.com,16,183,740,2113,8,0,13,4,16,183,740,2113,8,0,13,4,1
eyny.com,0,0,0,0,20,10,53,132,16,181,51,973,20,10,53,132,1
capitalone.com,23,7,107,73,18,6,73,21,23,7,107,73,18,6,73,21,1
divar.ir,7,0,89,80,15,0,30,74,7,0,89,80,15,0,30,74,1
nyaa.si,0,0,0,0,8,0,13,4,0,0,0,0,8,0,13,4,0
grammarly.com,6,3,4,0,8,0,13,4,6,12,78,24,8,0,13,4,0
wiktionary.org,1,14,37,174,18,18,59,173,1,14,37,174,18,18,59,173,1
onet.pl,60,104,325,277,22,11,25,48,69,139,234,437,22,11,25,48,1
google.co.ve,2,1,31,17,8,0,13,4,7,1,157,43,8,0,13,4,0
utorrent.com,29,1,72,77,18,2,42,29,29,1,72,77,18,2,42,29,1
cnzz.com,0,0,0,0,18,5,65,41,0,0,0,0,18,5,65,41,1
slickdeals.net,96,127,603,147,16,0,97,50,60,286,976,301,16,0,97,50,1
khanacademy.org,54,0,15,0,17,4,59,127,61,0,15,0,17,4,59,127,1
nhentai.net,2,51,54,50,8,0,13,4,2,51,54,50,8,0,13,4,0
360doc.com,21,73,1068,869,17,10,67,38,21,73,1068,869,17,10,67,38,1
mit.edu,5,1,32,46,17,1,38,34,5,1,32,46,17,1,38,34,1
upsconline.nic.in,0,0,0,0,15,0,18,13,0,0,0,0,15,0,18,13,1
heroesofrpg.com,1,0,1,0,18,6,18,4,1,0,1,0,18,6,18,4,1
wix.com,15,11,77,98,17,1,35,8,15,11,77,98,17,1,35,8,1
tutorialspoint.com,8,65,197,117,18,19,87,41,8,65,197,117,18,19,87,41,1
ilovepdf.com,5,1,99,140,17,0,58,79,5,1,99,140,17,0,58,79,1
wp.pl,0,0,0,0,8,0,13,4,0,0,0,0,8,0,13,4,1
oladblock.services,21,1,50,17,16,3,36,20,21,1,50,17,16,3,36,20,1
google.com.vn,2,1,31,17,8,0,13,4,7,1,157,43,8,0,13,4,0
elsevier.com,21,26,84,115,18,5,40,23,21,26,84,115,18,5,40,23,1
zhibo8.cc,11,666,85,2247,8,0,13,4,11,666,85,2247,8,0,13,4,0
gamersky.com,0,0,0,0,17,27,45,39,0,0,0,0,17,27,45,39,1
factaholics.com,0,0,0,0,22,7,50,51,16,12,51,66,22,7,50,51,1
dytt8.net,7,2,85,561,19,1,38,110,7,2,85,561,19,1,38,110,1
albawabhnews.com,31,167,601,315,27,17,98,56,31,167,601,315,27,17,98,56,1
mercadolibre.com.mx,6,38,183,82,8,0,13,4,6,44,262,135,8,0,13,4,1
kaskus.co.id,37,86,1163,333,22,8,142,70,41,77,809,355,19,8,133,66,1
humblebundle.com,17,4,38,24,22,5,87,19,17,4,38,24,22,5,87,19,1
gosuslugi.ru,4,16,237,82,19,10,127,32,4,16,239,82,19,10,127,32,1
yadi.sk,5,4,110,16,8,0,13,4,5,4,107,16,8,0,13,4,0
souq.com,17,149,1143,615,20,9,105,53,18,184,1388,1289,20,9,105,53,1
crunchyroll.com,24,7,9,4,17,2,22,8,51,33,150,130,17,2,22,8,1
znanija.com,14,21,593,93,19,5,117,43,14,21,593,93,19,5,117,43,1
accuweather.com,36,6,19,33,17,8,25,33,0,0,0,0,18,8,25,34,1
behance.net,6,0,0,0,8,0,13,4,6,0,0,0,8,0,13,4,0
hellomagazine.com,55,67,104,341,19,7,31,77,55,67,104,341,19,7,31,77,1
3c.tmall.com,9,11,55,25,19,7,44,25,15,38,159,128,19,7,44,25,1
hdfcbank.com,0,0,0,0,21,8,67,120,0,0,0,0,21,8,67,120,1
drom.ru,20,256,891,58,23,18,593,158,19,98,440,91,23,18,593,158,1
crptentry.com,1,0,0,0,8,0,13,4,1,0,0,0,8,0,13,4,0
asus.com,30,38,192,324,16,10,34,229,30,38,192,324,16,10,34,229,1
ebay.it,23,105,323,81,21,25,125,43,30,90,391,317,21,25,125,43,1
blog.jp,8,0,4,2,16,0,18,6,12,1,11,5,16,0,18,6,1
wiley.com,12,25,201,427,17,3,91,387,12,25,201,427,17,3,91,387,1
icloud.com,0,0,0,0,8,0,13,4,0,0,0,0,8,0,13,4,0
bolasport.com,25,60,275,164,22,4,32,48,30,64,299,192,22,4,32,48,1
ouedkniss.com,34,83,474,460,104,147,563,204,28,103,572,858,107,144,561,171,1
kp.ru,24,24,103,312,20,2,41,97,32,15,209,244,20,2,41,97,1
youth.cn,15,16,48,40,21,51,195,88,13,41,136,327,21,51,195,88,1
go.com,14,15,139,222,17,2,102,114,14,15,139,222,17,2,102,114,1
exdynsrv.com,0,0,0,0,8,0,13,4,0,0,0,0,8,0,13,4,1
ea.com,9,1,9,21,17,1,25,29,7,0,9,21,17,1,25,29,1
elbalad.news,46,190,796,285,30,44,216,62,46,190,796,285,30,44,216,62,1
hupu.com,34,104,186,542,18,12,48,29,34,104,186,542,18,12,48,29,1
hatenablog.com,20,4,175,144,18,8,67,39,20,4,175,144,18,8,67,39,1
ebc.net.tw,23,60,160,70,28,22,69,22,27,63,172,70,28,21,66,21,1
fb.ru,8,43,348,262,8,0,13,4,8,43,348,262,8,0,13,4,0
gmx.net,0,0,0,0,21,4,59,101,0,0,0,0,21,4,59,101,1
healthline.com,18,6,178,97,19,2,46,18,18,6,178,97,19,2,46,18,1
sci-hub.tw,2,2,9,1,16,12,58,16,5,3,60,4,16,12,58,16,1
okdiario.com,30,115,122,282,24,8,38,49,30,114,122,280,24,8,38,49,1
prothomalo.com,116,81,847,236,20,12,115,46,116,81,847,236,20,12,115,46,1
nike.com,14,13,48,0,19,8,74,412,0,0,0,0,19,8,74,412,1
google.com.sg,2,1,31,16,8,0,13,4,7,1,157,42,8,0,13,4,0
beeg.com,4,0,9,0,25,9,33,964,4,0,9,0,25,9,33,964,1
gamer.com.tw,44,21,33,200,19,12,35,36,44,21,33,200,19,12,35,36,1
mercari.com,12,20,104,19,8,0,13,4,12,17,82,34,8,0,13,4,1
wixsite.com,0,0,0,0,8,0,13,4,0,0,0,0,8,0,13,4,1
playstation.com,7,0,11,82,21,5,62,79,7,0,11,82,21,5,62,79,1
livedoor.com,16,20,42,167,19,17,29,57,20,20,24,138,19,17,29,57,1
mi.com,13,62,138,159,21,6,37,37,13,62,138,159,21,6,37,37,1
178.com,20,96,406,316,18,4,30,18,20,96,406,316,18,4,30,18,1
smallpdf.com,17,0,139,43,17,0,40,19,17,0,139,43,17,0,40,19,1
hm.com,7,0,1,84,16,0,18,42,1,0,10,84,16,0,18,42,1
google.com.co,2,1,31,17,8,0,13,4,7,1,157,43,8,0,13,4,0
dell.com,14,13,92,77,17,0,25,137,13,13,92,77,17,0,25,137,1
merdeka.com,30,76,336,159,20,28,117,49,18,75,330,385,20,28,117,49,1
google.com.pe,2,1,31,17,8,0,13,4,7,1,157,43,8,0,13,4,0
prezi.com,11,58,172,122,20,12,42,30,11,58,172,122,20,12,42,30,1
ouloutso.net,0,0,0,0,8,0,13,4,0,0,0,0,8,0,13,4,1
mawdoo3.com,12,13,82,501,20,13,37,33,12,13,82,501,20,13,37,33,1
ndtv.com,34,79,266,392,22,9,33,94,40,155,454,475,21,9,34,92,1
ensonhaber.com,14,150,261,154,38,95,396,100,29,195,558,326,38,95,396,100,1
smzdm.com,10,34,227,63,22,14,108,27,29,143,702,569,22,14,108,27,1
zendesk.com,20,20,142,185,16,0,45,78,20,20,142,185,16,0,45,78,1
cnnindonesia.com,36,76,139,173,26,29,53,44,43,96,178,180,26,29,53,44,1
vidio.com,23,84,298,172,23,20,69,52,25,117,544,278,23,20,69,52,1
pornq.com,0,0,2,0,21,12,31,49,0,0,2,0,21,12,31,49,1
google.cl,2,1,31,17,8,0,13,4,7,1,157,43,8,0,13,4,0
google.be,2,1,31,17,8,0,13,4,7,1,76,21,8,0,13,4,0
archiveofourown.org,21,1,19,69,19,1,31,39,22,1,19,69,19,1,31,39,1
adkplatform.com,5,2,50,44,18,12,29,21,5,2,50,44,18,12,29,21,1
coinmarketcap.com,24,208,240,1507,17,5,35,139,24,208,240,1507,17,5,35,139,1
bankmellat.ir,12,27,165,297,19,9,71,177,12,27,165,297,19,9,71,177,1
namasha.com,12,90,342,181,25,10,54,30,12,90,342,181,25,10,54,30,1
repubblica.it,28,10,53,50,21,7,32,85,83,102,393,357,21,7,32,85,1
oracle.com,12,12,183,87,20,7,133,700,12,12,183,87,20,7,133,700,1
duba.com,35,83,303,1018,18,20,48,52,35,83,303,1018,18,20,48,52,1
perfecttoolmedia.com,0,0,0,0,8,0,13,4,0,0,0,0,8,0,13,4,1
seznam.cz,0,0,0,0,25,26,131,68,0,0,0,0,25,26,131,68,1
webmd.com,35,53,151,276,20,5,39,110,35,53,151,276,20,5,39,110,1
usps.com,19,0,10,34,17,0,20,34,16,28,83,199,17,0,20,34,1
hclips.com,24,62,218,97,22,11,50,131,29,91,277,458,22,11,50,131,1
upwork.com,0,0,2,0,20,8,87,32,0,0,2,0,20,8,87,32,1
ecosia.org,3,0,36,21,8,0,13,4,3,0,36,21,8,0,13,4,0
drive2.ru,16,54,499,225,23,7,87,31,21,148,714,382,23,7,87,31,1
torrentwal.com,11,0,6,41,18,0,22,45,11,2,22,187,18,0,22,45,1
cdninstagram.com,0,0,0,0,8,0,13,4,0,0,0,0,8,0,13,4,1
seasonvar.ru,9,51,1499,14244,8,0,13,4,9,51,1499,14244,8,0,13,4,0
epicgames.com,8,113,419,117,42,55,353,111,8,113,419,117,22,9,63,29,1
telewebion.com,9,3,285,216,8,0,13,4,9,3,109,35,8,0,13,4,0
5ch.net,1,3,23,17,16,1,25,19,1,3,23,17,16,1,25,19,1
usatoday.com,13,0,95,13,17,1,43,43,21,39,139,331,17,1,43,43,1
vseigru.net,4,343,24,340,22,16,28,17,5,343,24,340,22,16,28,17,1
themeforest.net,14,12,365,280,23,51,195,181,14,12,365,280,23,51,195,181,1
nba.com,91,20,260,122,17,9,103,97,92,20,260,122,17,9,103,97,1
google.co.za,2,1,31,16,8,0,13,4,7,1,159,42,8,0,13,4,0
urbandictionary.com,24,8,194,257,16,0,57,103,24,8,194,257,16,0,57,103,1
banggood.com,12,1,37,21,18,9,143,40,20,109,190,1164,18,9,143,40,1
westernjournal.com,33,102,673,270,18,10,106,106,33,102,673,270,18,10,106,106,1
oclasrv.com,0,0,0,0,8,0,13,4,0,0,0,0,8,0,13,4,1
rapidgator.net,27,2,32,64,18,4,30,31,27,2,32,64,18,4,30,31,1
runoob.com,7,96,87,244,16,0,29,100,7,96,87,244,16,0,29,100,1
wowhead.com,104,21,290,220,19,26,125,92,104,21,290,220,19,26,125,92,1
as.com,69,281,1593,1367,20,9,64,166,69,281,1593,1367,20,9,64,166,1
okta.com,19,10,95,142,18,0,37,80,19,10,95,142,18,0,37,80,1
sahibinden.com,20,5,48,159,18,3,35,18,27,78,62,350,18,3,35,18,1
citi.com,60,6,131,94,19,6,51,31,59,6,131,94,19,6,51,31,1
tencent.com,1,0,0,0,8,0,13,4,1,0,0,0,8,0,13,4,1
rarbgprx.org,13,4,7,32,8,0,13,4,13,4,7,32,8,0,13,4,0
businessinsider.com,29,16,90,90,18,7,59,64,49,19,142,115,18,7,59,64,1
artstation.com,24,7,40,57,20,14,64,82,22,6,40,57,20,14,64,82,1
glassdoor.com,17,28,137,260,8,0,13,4,16,0,127,142,8,0,13,4,1
mathrubhumi.com,45,64,329,423,19,17,116,396,70,8,300,178,19,17,116,396,1
2movierulz.gs,9,26,77,88,22,6,46,49,9,26,77,88,22,6,46,49,1
pulzo.com,22,48,105,148,18,1,53,58,22,58,161,273,18,1,53,58,1
expedia.com,68,19,1147,419,8,0,13,4,0,0,0,0,8,0,13,4,0
bandcamp.com,14,20,342,232,31,17,74,116,14,20,336,177,31,17,74,116,1
shein.com,65,21,84,584,24,8,35,12,60,16,194,102,24,8,35,12,1
mailchimp.com,9,33,59,90,18,6,47,66,9,33,59,90,18,6,47,66,1
pirateproxy.id,3,2,24,17,19,2,32,20,1,0,3,24,19,2,32,20,1
google.ro,2,1,31,17,8,0,13,4,7,1,76,21,8,0,13,4,0
ctrip.com,18,10,56,51,21,22,46,37,19,23,636,806,21,22,46,37,1
google.ch,2,1,31,17,8,0,13,4,7,1,157,43,8,0,13,4,0
focuusing.com,0,0,0,0,8,0,13,4,0,0,0,0,8,0,13,4,1
elwatannews.com,40,107,216,86,24,12,87,39,53,85,276,182,24,12,87,39,1
spiegel.de,35,134,539,480,8,0,13,4,57,168,714,806,8,0,13,4,1
rotumal.com,2,1,27,13,8,0,13,4,7,1,158,42,8,0,13,4,1
allrecipes.com,32,63,173,247,21,19,88,96,32,63,173,247,21,19,88,96,1
studfiles.net,7,2,1373,1113,17,0,58,43,7,2,1373,1113,17,0,58,43,1
uidai.gov.in,0,0,0,0,8,0,13,4,0,0,0,0,8,0,13,4,0
chess.com,6,9,137,65,19,3,42,21,4,9,137,65,19,3,42,21,1
espncricinfo.com,28,47,213,92,8,0,13,4,27,73,284,150,8,0,13,4,0
skype.com,37,5,199,155,22,7,152,149,37,4,258,166,22,7,152,149,1
filehippo.com,19,40,108,81,17,16,93,54,24,52,151,99,17,16,93,54,1
6.cn,14,117,454,477,21,12,49,13,14,117,454,477,21,12,49,13,1
convert2mp3.net,10,5,15,15,18,6,31,20,14,12,32,28,18,6,31,20,1
torrentz2.eu,1,0,3,8,8,0,13,4,1,0,3,8,8,0,13,4,0
huya.com,12,100,563,153,19,10,68,28,7,39,131,130,19,10,68,28,1
jb51.net,6,60,215,337,16,0,28,57,31,52,191,589,16,0,28,57,1
ebay.com.au,23,91,305,71,21,29,131,42,30,98,406,308,21,29,131,42,1
e-hentai.org,9,30,454,94,8,0,13,4,9,30,454,94,8,0,13,4,0
macys.com,23,7,67,67,24,40,159,36,0,0,0,0,24,40,159,36,1
rutor.info,11,1402,25,985,8,0,13,4,11,1402,25,985,8,0,13,4,0
gome.com.cn,13,171,233,178,26,64,147,121,13,40,176,200,26,64,147,121,1
oath.com,27,61,132,127,22,12,110,91,28,61,132,127,22,12,110,91,1
coursehero.com,25,34,570,181,17,0,204,56,24,34,568,178,17,0,204,56,1
appledaily.com,40,47,260,78,24,14,56,35,95,15,258,191,24,14,56,35,1
bild.de,69,250,379,509,22,8,44,44,69,250,379,509,22,8,44,44,1
pantip.com,0,1,0,0,19,35,188,36,25,69,1036,618,19,35,188,36,1
ptt.cc,1,0,11,42,16,0,24,43,1,0,11,42,16,0,24,43,1
lowes.com,17,13,213,103,21,10,99,46,19,16,350,111,21,10,99,46,1
coursera.org,13,11,91,39,16,0,80,11,13,11,126,52,16,0,80,11,1
yespornplease.com,0,0,2,0,8,0,13,4,0,0,2,0,8,0,13,4,0
sputniknews.com,72,46,262,278,21,5,30,74,72,46,262,278,21,5,30,74,1
nur.kz,12,12,271,201,20,9,65,32,12,10,263,203,20,9,65,32,1
dmm.com,28,6,37,128,29,38,95,160,43,174,273,439,30,38,95,161,1
sberbank.ru,6,10,407,146,18,4,162,55,6,10,407,146,18,4,162,55,1
bitly.com,8,3,136,57,17,0,71,26,8,3,136,57,17,0,71,26,1
metropoles.com,85,170,300,822,27,11,73,118,85,102,218,511,27,11,73,118,1
taleo.net,0,0,0,0,8,0,13,4,0,0,0,0,8,0,13,4,0
wondershare.com,16,5,106,80,19,5,51,36,16,5,106,80,19,5,51,36,1
livetv.sx,4,2,25,36,8,0,13,4,0,0,0,0,8,0,13,4,0
wish.com,11,1,39,13,19,10,115,14,15,1,19,11,19,10,115,14,1
formula1.com,24,96,512,266,21,8,59,70,24,96,512,266,21,8,59,70,1
alicdn.com,0,0,0,0,8,0,13,4,0,0,0,0,8,0,13,4,1
championat.com,16,7,158,39,17,1,114,46,35,87,400,533,17,1,114,46,1
merriam-webster.com,33,21,142,169,22,5,44,63,33,21,142,169,22,5,44,63,1
kizlarsoruyor.com,7,137,677,357,28,24,188,102,7,136,604,379,28,24,188,102,1
4chan.org,3,9,62,93,17,2,36,54,3,9,62,93,17,2,36,54,1
uptobox.com,4,0,28,26,8,0,13,4,4,0,28,26,8,0,13,4,0
unsplash.com,13,105,498,272,22,8,71,60,13,105,498,272,22,8,71,60,1
zoho.com,11,9,94,103,19,7,42,58,11,9,94,103,19,7,42,58,1
flvto.biz,20,1,66,57,17,0,31,40,16,1,66,56,17,0,31,40,1
inquirer.net,62,38,425,275,26,6,60,36,60,22,425,275,26,6,60,36,1
ruliweb.com,17,138,547,959,22,80,433,331,17,138,547,958,22,79,423,328,1
thefreedictionary.com,29,13,309,299,21,0,52,74,29,13,309,299,21,0,52,74,1
4399.com,11,0,19,0,21,22,43,11,14,667,171,1084,21,22,43,11,1
reuters.com,75,6,184,211,19,17,45,26,52,8,383,230,19,17,45,26,1
icicibank.com,8,11,80,330,8,0,13,4,26,85,270,619,8,0,13,4,1
2m.ma,21,22,226,94,23,23,125,73,27,47,1234,429,23,23,125,73,1
irs.gov,14,12,384,156,21,4,92,85,14,12,384,156,21,4,92,85,1
sdamgia.ru,37,6,48,83,16,0,24,75,37,6,48,83,16,0,24,75,1
libero.it,52,105,91,326,24,42,61,121,53,130,96,394,24,42,61,121,1
ncaa.com,80,49,230,200,20,5,82,82,80,49,230,200,20,5,82,82,1
web.de,0,0,0,0,21,4,60,103,0,0,0,0,21,4,60,103,1
uniqlo.tmall.com,10,2,34,18,8,0,13,4,60,134,334,380,8,0,13,4,1
eksisozluk.com,25,3,114,110,20,0,35,112,28,3,106,82,19,0,36,104,1
zoom.us,25,25,152,127,16,0,71,56,24,54,217,150,16,0,71,56,1
biobiochile.cl,41,18,491,236,22,8,50,98,54,34,681,657,20,6,64,106,1
olx.com.br,10,11,228,181,20,15,189,65,10,11,228,181,20,15,189,65,1
lnkfast.com,2,1,27,13,8,0,13,4,7,1,77,20,8,0,13,4,1
chiphell.com,6,7,24,58,17,4,34,32,33,400,1014,1406,17,4,34,32,1
gmarket.co.kr,37,571,1451,700,20,25,46,53,33,14,140,186,20,25,46,53,1
techradar.com,34,56,271,147,21,6,64,51,34,56,271,147,21,6,64,51,1
elmogaz.com,23,72,275,213,23,5,38,32,24,72,275,213,23,5,38,32,1
creditkarma.com,9,8,148,109,19,2,46,44,9,8,148,109,19,2,46,44,1
rottentomatoes.com,32,19,366,342,18,21,36,205,32,19,366,342,18,21,36,205,1
pathofexile.com,7,9,115,97,21,2,61,49,7,9,115,97,21,2,61,49,1
kijiji.ca,27,0,48,236,15,0,30,475,27,0,48,236,15,0,30,475,1
alodokter.com,15,1,19,0,8,0,13,4,15,0,11,0,8,0,13,4,0
yifysubtitles.com,17,31,177,140,8,0,13,4,17,31,177,140,8,0,13,4,0
google.at,2,1,31,17,8,0,13,4,7,1,157,43,8,0,13,4,0
subject.tmall.com,7,1,27,32,8,0,13,4,7,1,27,32,8,0,13,4,1
sonyliv.com,26,1,7,0,26,50,215,127,26,1,7,0,26,50,215,127,1
costco.com,0,0,0,0,31,30,59,65,0,0,0,0,31,30,59,65,1
upornia.com,0,0,0,0,21,9,70,112,0,0,0,0,21,9,70,112,1
t66y.com,0,1,0,2,16,1,17,6,0,1,0,2,16,1,17,6,1
sporx.com,56,84,305,310,24,19,93,67,62,164,364,371,24,19,93,67,1
newegg.com,16,16,60,40,35,19,64,31,63,100,352,287,35,19,64,31,1
premierleague.com,18,44,265,368,19,20,51,175,18,44,265,368,19,20,51,175,1
aldar.ma,10,1,1,0,8,0,13,4,10,1,1,0,8,0,13,4,0
giphy.com,15,3,10,0,19,2,36,7,16,3,14,0,19,2,36,7,1
movie2free.com,13,82,237,204,8,0,13,4,11,39,237,204,8,0,13,4,0
norton.com,15,7,158,119,19,3,81,63,15,7,158,119,19,3,81,63,1
kickstarter.com,23,16,214,93,19,2,63,50,23,15,205,91,19,2,63,50,1
videodownloadconverter.com,3,3,13,3,15,0,33,7,9,8,28,5,15,0,33,7,1
autodesk.com,56,16,448,202,19,4,171,103,56,16,448,202,19,4,171,103,1
href.li,2,0,1,1,17,0,18,5,2,0,1,1,17,0,18,5,1
gstatic.com,0,0,0,0,8,0,13,4,0,0,0,0,8,0,13,4,0
theverge.com,39,86,337,323,17,13,106,113,39,86,337,323,17,13,106,113,1
hibapress.com,0,0,0,0,18,0,89,63,0,0,0,0,18,0,89,63,1
wildberries.ru,8,5,30,84,21,82,122,127,9,2,73,82,21,82,122,127,1
yaplakal.com,47,62,435,800,20,15,49,78,51,60,434,797,20,15,49,78,1
vesti.ru,55,70,415,345,18,14,61,46,55,70,415,345,18,14,61,46,1
squarespace.com,100,44,197,100,18,2,29,21,100,44,197,100,18,2,29,21,1
acfun.cn,21,10,33,4,24,10,68,5,44,287,229,1053,24,10,68,5,1
ebay.fr,23,99,302,80,21,23,119,41,29,79,353,309,21,23,119,41,1
104.com.tw,24,22,36,55,17,11,35,48,21,15,90,102,17,11,35,48,1
doorblog.jp,0,0,0,0,8,0,13,4,0,0,0,0,8,0,13,4,1
rpgmasterleague.com,1,0,0,0,21,3,38,11,1,0,0,0,21,3,38,11,1
umblr.com,24,2,48,40,17,0,43,29,30,5,78,18,17,0,43,29,1
docin.com,16,22,44,44,8,0,13,4,23,46,178,276,8,0,13,4,0
naver.jp,17,27,113,58,19,16,90,33,17,25,123,139,19,16,90,33,1
blog.me,1,0,0,0,17,8,82,42,5,0,0,0,17,8,82,42,1
att.com,22,13,257,83,16,0,63,14,22,13,257,83,16,0,63,14,1
ninisite.com,5,78,917,336,20,8,111,85,5,77,914,335,20,8,111,85,1
flashscore.com,24,32,430,408,16,6,67,65,24,32,430,408,16,6,67,65,1
newstrend.news,27,75,195,213,25,9,73,47,25,38,195,213,25,9,73,47,1
google.az,2,1,31,17,8,0,13,4,7,1,76,21,8,0,13,4,0
hotmovs.com,0,0,6,0,21,10,76,113,0,0,6,0,21,10,76,113,1
eporner.com,0,0,6,0,19,4,99,103,0,0,6,0,19,4,99,103,1
agoda.com,15,0,3,0,17,10,63,120,14,2,91,8,17,10,63,120,1
patch.com,26,106,280,296,19,11,81,94,26,106,280,296,19,11,81,94,1
opera.com,9,10,36,50,18,4,38,18,10,8,26,41,18,4,38,18,1
gotporn.com,0,0,6,0,20,12,38,70,0,0,6,0,20,12,38,70,1
paytm.com,16,15,448,275,8,0,13,4,6,51,930,258,8,0,13,4,0
tempo.co,30,37,157,162,25,13,53,64,38,165,501,550,25,13,53,64,1
huawei.com,10,30,255,309,23,8,66,146,10,30,255,309,23,8,66,146,1
bzw315.com,0,0,0,0,23,27,80,45,0,0,0,0,23,27,80,45,1
dictionary.com,16,13,27,65,18,12,41,29,16,14,28,69,18,12,41,29,1
socialblade.com,28,52,285,178,8,0,13,4,26,28,285,178,8,0,13,4,1
caliente.mx,2,0,42,11,20,9,48,9,2,1,60,50,20,9,48,9,1
google.dz,2,1,31,17,8,0,13,4,7,1,157,43,8,0,13,4,0
sportbible.com,18,97,343,132,24,6,54,28,18,97,343,132,24,6,54,28,1
weblio.jp,6,1,25,72,16,3,32,45,19,3,143,1350,16,3,32,45,1
google.com.ph,2,1,31,16,8,0,13,4,7,1,76,20,8,0,13,4,0
discover.com,18,8,120,167,19,9,40,83,18,8,120,167,19,9,40,83,1
food.tmall.com,9,4,44,13,16,1,30,13,12,2,80,316,16,1,30,13,1
gsmarena.com,14,35,97,108,26,17,85,50,18,40,112,200,26,17,85,50,1
ifeng.com,21,0,1,0,15,0,23,6,21,0,1,0,15,0,23,6,1
suara.com,33,107,696,424,21,14,100,119,48,146,646,366,21,14,100,119,1
streamable.com,6,0,1,0,19,5,62,10,6,0,1,0,19,5,62,10,1
familydoctor.com.cn,37,103,547,1897,20,11,40,117,37,103,547,1897,20,11,40,117,1
nvzhuang.tmall.com,12,3,26,12,17,2,32,12,23,28,201,252,17,2,32,12,1
jw.org,8,19,238,207,16,0,82,84,8,19,238,207,16,0,82,84,1
battle.net,9,52,590,172,16,0,89,55,9,52,590,172,16,0,89,55,1
wsj.com,12,1,321,100,17,1,55,23,23,17,691,447,17,1,55,23,1
discuss.com.hk,45,4,338,124,8,0,13,4,54,57,572,473,8,0,13,4,1
investopedia.com,7,0,153,115,21,5,54,72,7,0,152,115,21,5,54,72,1
hotels.com,56,19,151,84,26,14,142,30,60,17,150,86,26,14,142,30,1
naukri.com,0,0,0,0,8,0,13,4,0,0,0,0,8,0,13,4,0
oabcufwk.com,0,0,0,0,8,0,13,4,0,0,0,0,8,0,13,4,1
exhentai.org,0,0,0,0,8,0,13,4,0,0,0,0,8,0,13,4,1
t-online.de,42,153,527,410,20,3,43,209,86,214,736,561,20,3,43,209,1
pbttxbna.com,0,0,0,0,8,0,13,4,0,0,0,0,8,0,13,4,1
jiameng.com,0,0,0,0,8,0,13,4,0,0,0,0,8,0,13,4,1
ozon.ru,1,0,0,0,22,30,231,44,1,0,0,0,22,30,231,44,1
interia.pl,92,107,188,259,20,10,24,53,55,185,123,433,20,10,24,53,1
v2ex.com,5,50,176,447,21,27,56,169,13,63,233,526,21,27,56,169,1
abc.net.au,14,18,7,56,18,8,27,26,15,25,100,150,18,8,27,26,1
gamib.com,0,1,0,0,8,0,13,4,0,1,0,0,8,0,13,4,1
lenovo.com,37,73,177,183,16,1,50,192,37,73,177,183,16,1,50,192,1
pexels.com,6,149,251,222,22,8,38,45,6,149,251,222,22,8,38,45,1
japanpost.jp,0,0,0,0,8,0,13,4,0,0,0,0,8,0,13,4,1
ancestry.com,12,8,50,34,19,2,31,13,8,1,40,34,19,2,31,13,1
aptitudemedia.co,0,0,0,0,8,0,13,4,0,0,0,0,8,0,13,4,1
thingiverse.com,9,63,89,99,21,15,56,33,7,33,89,99,21,15,56,33,1
realtor.com,17,5,168,371,23,6,62,113,17,9,216,374,23,6,62,113,1
biblegateway.com,14,12,258,179,18,5,72,45,14,12,258,179,18,5,72,45,1
nhk.or.jp,0,0,0,0,8,0,13,4,0,0,0,0,8,0,13,4,1
91jm.com,0,0,0,0,8,0,13,4,0,0,0,0,8,0,13,4,1
ivi.ru,14,31,583,454,19,14,262,294,12,31,537,401,19,14,262,294,1
dcinside.com,1,0,0,0,22,20,91,100,35,4,90,77,22,20,91,100,1
google.se,2,1,31,17,8,0,13,4,7,1,157,43,8,0,13,4,0
trustpilot.com,19,21,129,46,18,5,65,30,19,21,129,46,18,5,65,30,1
beytoote.com,41,227,775,667,21,27,153,230,44,161,983,843,21,27,153,230,1
xda-developers.com,64,59,261,159,18,5,69,37,62,31,261,159,18,5,69,37,1
google.pt,2,1,31,17,8,0,13,4,7,1,157,43,8,0,13,4,0
y2mate.com,12,6,40,29,20,4,54,28,11,3,40,29,20,4,54,28,1
mobafire.com,15,96,223,311,24,42,62,171,15,96,223,311,24,42,62,171,1
urdupoint.com,48,239,321,502,21,11,38,41,46,178,321,502,21,11,38,41,1
ccleaner.com,12,9,139,127,17,10,69,86,12,9,139,127,17,10,69,86,1
apkpure.com,18,117,188,461,34,162,399,191,18,117,188,461,34,162,399,191,1
mileroticos.com,12,1,41,163,18,0,28,31,12,1,41,163,18,0,28,31,1
mobile01.com,39,118,194,861,20,3,31,709,41,118,196,861,20,3,31,709,1
wease.im,40,21,112,13,16,1,41,5,40,21,112,13,16,1,41,5,1
thenews.com.pk,23,68,259,182,20,12,67,48,21,64,259,182,20,12,67,48,1
4pda.ru,20,39,363,330,20,4,45,54,20,39,364,329,20,4,45,54,1
dy2018.com,0,0,0,0,8,0,13,4,0,0,0,0,8,0,13,4,1
inven.co.kr,23,37,81,252,19,9,43,126,50,545,331,967,19,9,43,126,1
gyazo.com,14,14,58,25,17,6,57,7,14,16,63,27,17,6,57,7,1
dcard.tw,5,37,587,293,18,1,126,98,4,4,33,5,18,1,126,98,1
cricbuzz.com,9,7,70,52,18,5,71,32,9,16,320,157,18,5,71,32,1
ali213.net,31,312,2137,1971,22,16,103,47,31,312,2137,1971,22,16,103,47,1
mobile.de,18,2,44,80,21,5,95,32,4,0,7,2,21,5,95,32,1
maranhesduve.club,0,0,0,0,8,0,13,4,0,0,0,0,8,0,13,4,1
cam4.com,11,11,280,122,16,2,27,40,0,0,6,0,16,2,27,40,1
kiobmbncsrwc.com,0,0,0,0,8,0,13,4,0,0,0,0,8,0,13,4,1
kinozal.tv,9,37,111,93,19,22,41,71,9,37,111,93,19,22,41,71,1
zhaopin.com,11,0,9,945,8,0,13,4,22,169,228,1049,8,0,13,4,0
udn.com,54,47,198,414,20,17,52,132,54,47,198,414,20,17,52,132,1
google.nl,2,1,31,17,8,0,13,4,7,1,157,43,8,0,13,4,0
nsportal.ru,19,49,274,183,21,9,54,46,19,49,274,183,21,9,54,46,1
myfreecams.com,0,0,6,0,32,86,296,89,0,0,6,0,32,86,296,89,1
turbobit.net,20,0,44,18,8,0,13,4,35,4,104,33,8,0,13,4,0
media.tumblr.com,0,0,0,0,8,0,13,4,0,0,0,0,8,0,13,4,0
thewhizmarketing.com,0,0,0,0,8,0,13,4,0,0,0,0,8,0,13,4,1
kakao.com,12,38,79,160,23,8,32,58,12,3,37,153,23,8,32,58,1
google.hu,2,1,31,17,8,0,13,4,7,1,157,43,8,0,13,4,0
hdzog.com,0,0,6,0,24,15,35,165,0,0,6,0,24,15,35,165,1
ca.gov,32,31,416,148,18,3,58,57,32,31,416,148,18,3,58,57,1
donga.com,30,97,374,343,28,10,52,15,43,136,225,601,28,10,52,15,1
ficbook.net,16,6,202,314,22,6,44,29,16,6,213,314,22,6,44,29,1
kapanlagi.com,22,46,138,169,22,18,63,69,0,0,0,0,22,18,63,69,1
yandex.by,13,2,273,98,16,0,133,80,19,5,194,106,16,0,133,80,1
dianping.com,8,0,135,2399,16,0,37,207,8,0,135,2399,16,0,37,207,1
tube8.com,0,0,6,0,23,6,58,112,0,0,6,0,23,6,58,112,1
americanas.com.br,13,11,238,22,8,0,13,4,0,0,0,0,8,0,13,4,1
feedly.com,4,1,4,0,18,2,90,6,4,1,4,0,18,2,90,6,1
tirto.id,15,69,110,185,8,0,13,4,19,73,470,143,8,0,13,4,1
lolesports.com,2,0,0,0,8,0,13,4,1,0,0,0,8,0,13,4,0
viva.co.id,37,54,124,198,21,18,76,147,36,59,274,238,21,18,76,147,1
mk.ru,23,155,523,683,18,11,42,61,47,157,556,688,18,11,42,61,1
lentainform.com,15,20,127,51,20,3,49,35,15,34,123,55,20,3,49,35,1
vcommission.com,19,9,246,70,21,2,106,25,19,9,246,70,21,2,106,25,1
google.sk,2,1,31,17,8,0,13,4,7,1,159,43,8,0,13,4,0
fullhdfilmizlesene.net,6,49,56,112,20,30,68,48,3,56,97,251,20,30,68,48,1
nypost.com,114,5,388,284,19,11,56,72,113,5,388,284,19,11,56,72,1
51job.com,14,48,65,113,23,44,95,71,27,112,128,647,23,44,95,71,1
wunderground.com,21,15,133,113,21,14,87,63,21,15,133,113,21,14,87,63,1
pornpics.com,0,0,6,0,22,5,20,17,0,0,6,0,21,5,20,16,1
fanfiction.net,7,19,41,42,23,1,62,54,17,1,47,111,23,1,62,54,1
legit.ng,19,6,144,105,16,0,42,36,19,6,173,128,16,0,42,36,1
yandex.com.tr,8,2,57,11,18,1,39,15,16,2,40,19,18,1,39,15,1
southcn.com,23,90,338,603,23,7,63,39,23,90,338,603,23,7,63,39,1
ubi.com,6,29,128,54,15,0,22,6,6,29,116,54,15,0,22,6,1
cdiscount.com,29,15,70,46,22,11,54,15,58,148,456,1704,22,11,54,15,1
lun.com,7,1,0,0,23,11,61,24,7,1,0,0,23,11,61,24,1
zimuzu.io,16,77,187,414,17,11,44,73,16,77,187,414,17,11,44,73,1
gogoanime.io,22,24,110,343,8,0,13,4,21,24,108,343,8,0,13,4,0
corriere.it,54,66,428,699,18,3,42,175,62,39,147,529,18,3,42,175,1
britannica.com,30,5,179,134,17,0,57,27,29,12,201,143,17,0,57,27,1
readms.net,8,0,77,77,16,0,20,47,8,0,83,104,16,0,20,47,1
rediff.com,15,40,196,141,25,7,61,46,19,75,248,338,25,7,61,46,1
list-manage.com,0,0,0,0,8,0,13,4,0,0,0,0,8,0,13,4,1
youjizz.com,7,105,240,327,21,24,67,135,0,0,0,0,21,24,67,135,1
elmundo.es,47,45,397,368,18,5,66,240,49,46,476,247,18,5,66,240,1
study.com,11,230,1130,594,20,4,74,124,14,237,1137,594,20,4,74,124,1
lefigaro.fr,38,167,769,692,21,3,45,105,38,167,769,692,21,3,45,105,1
duolingo.com,6,1,2,0,15,0,27,6,6,1,2,0,15,0,27,6,1
ytmp3.cc,2,1,11,14,16,1,25,15,2,1,11,14,16,1,25,15,1
eventbrite.com,10,16,499,93,22,3,116,15,10,16,499,93,22,3,116,15,1
kknews.cc,23,14,71,71,23,5,43,34,21,14,71,76,23,5,43,34,1
afreecatv.com,4,0,3,0,21,36,66,21,136,1,90,65,21,36,66,21,1
lifewire.com,7,4,65,25,19,6,27,44,7,4,71,23,19,6,27,44,1
nikkei.com,5,20,259,345,21,8,66,68,91,86,512,578,21,8,66,68,1
segmentfault.com,18,3,205,167,21,1,75,60,18,3,205,167,21,1,75,60,1
chip.de,29,98,474,377,47,57,285,350,29,98,474,377,47,57,285,350,1
oschina.net,16,57,425,376,22,4,77,78,16,57,425,376,22,4,77,78,1
mercadolibre.com.ve,6,26,123,58,8,0,13,4,6,29,153,97,8,0,13,4,1
google.ae,2,1,31,17,8,0,13,4,7,1,157,43,8,0,13,4,0
goal.com,26,137,638,253,17,7,51,54,23,136,638,253,17,7,51,54,1
lemonde.fr,20,146,348,418,18,8,42,114,21,146,351,426,18,8,42,114,1
allocine.fr,15,82,574,139,25,15,127,96,15,82,574,139,25,15,127,96,1
cimaclub.com,0,0,0,0,25,7,61,114,0,0,0,0,25,7,61,114,1
4shared.com,52,1,420,192,21,11,74,35,57,1,418,192,21,11,74,35,1
porn.com,0,0,6,0,22,12,38,42,0,0,6,0,22,12,38,42,1
hdrezka.ag,10,75,1159,697,8,0,13,4,10,75,1159,697,8,0,13,4,0
126.com,7,4,54,36,16,1,18,6,7,4,54,36,16,1,18,6,1
1fichier.com,4,6,40,23,8,0,13,4,4,6,40,23,8,0,13,4,0
nvidia.com,19,15,177,231,8,0,13,4,19,15,177,231,8,0,13,4,1
stanford.edu,8,30,61,119,18,1,38,34,8,30,61,119,18,1,38,34,1
yallakora.com,43,59,220,235,21,10,51,107,43,59,220,235,21,10,51,107,1
dnevnik.ru,12,7,131,30,24,5,77,14,12,7,131,30,24,5,77,14,1
nutaku.net,0,0,6,0,17,1,25,19,0,0,6,0,17,1,25,19,1
1tv.ru,25,20,603,174,20,15,74,92,25,20,603,174,20,15,74,92,1
bloomberg.com,4,0,2,4,18,3,45,176,4,0,2,4,18,3,45,176,1
gizmodo.com,20,29,554,354,18,3,97,48,20,29,554,354,18,3,97,48,1
telegraph.co.uk,28,232,1371,577,19,3,51,53,28,232,1371,577,19,3,51,53,1
bhphotovideo.com,8,0,0,0,17,12,56,17,30,5,251,209,17,12,56,17,1
npr.org,10,33,206,172,18,1,19,8,10,33,206,172,18,1,19,8,1
kissasian.sh,0,0,0,0,21,7,45,28,0,0,0,0,21,7,45,28,1
auction.co.kr,26,16,135,98,23,37,80,71,26,16,135,98,23,37,80,71,1
dafont.com,17,20,72,76,20,12,89,139,17,20,75,78,20,12,89,139,1
pptv.com,12,30,11,51,8,0,13,4,19,515,677,1170,8,0,13,4,1
tandfonline.com,12,9,255,92,17,2,123,51,12,9,254,92,17,2,123,51,1
ieee.org,28,21,442,311,17,2,68,149,28,21,442,311,17,2,68,149,1
kompasiana.com,31,89,724,294,21,13,134,99,35,94,703,350,21,13,134,99,1
pastebin.com,19,19,81,59,18,1,49,40,19,19,81,59,18,1,49,40,1
nordstrom.com,12,2,350,116,20,5,89,35,11,2,542,593,20,5,89,35,1
animevost.org,23,3,30,144,16,2,48,135,28,20,174,355,16,2,48,135,1
tabelog.com,46,16,244,943,20,8,40,862,34,13,159,316,20,8,40,862,1
box.com,5,2,37,13,16,1,34,9,30,61,114,143,16,1,34,9,1
marial.pro,0,0,0,0,8,0,13,4,0,0,0,0,8,0,13,4,1
mayoclinic.org,6,18,138,245,18,2,45,142,6,18,138,245,18,2,45,142,1
pchome.com.tw,45,3,70,141,23,4,62,102,45,3,70,141,23,4,64,103,1
feng.com,11,50,105,189,16,1,28,19,11,50,105,189,16,1,28,19,1
bleacherreport.com,2,85,316,304,8,0,13,4,2,85,316,304,8,0,13,4,0
uniqlo.com,8,0,18,0,23,5,68,17,30,133,468,476,23,5,68,17,1
pcgamer.com,35,92,419,184,25,9,75,43,35,92,419,184,25,9,75,43,1
hubspot.com,17,27,191,101,20,4,51,45,17,27,191,101,20,4,51,45,1
fmovies.to,16,211,797,588,20,6,49,107,16,211,797,588,8,0,13,4,1
state.gov,18,2,108,161,17,0,73,88,18,2,108,161,17,0,73,88,1
prom.ua,29,56,66,91,17,0,32,6,33,72,275,147,17,0,32,6,1
sports.ru,7,18,611,212,22,15,184,117,13,30,409,891,22,15,184,117,1
intel.com,17,0,129,38,16,1,37,31,17,0,129,38,16,1,37,31,1
11st.co.kr,2,0,0,0,8,0,13,4,2,0,0,0,8,0,13,4,0
58.com,13,10,90,335,17,6,54,117,9,15,13,207,17,6,54,117,1
wayfair.com,19,15,123,47,21,16,132,57,21,21,349,350,21,16,132,57,1
scol.com.cn,0,0,0,0,8,0,13,4,0,0,0,0,8,0,13,4,1
shopee.tw,9,0,3,0,8,0,13,4,8,0,2,0,8,0,13,4,0
nhl.com,18,125,656,482,19,2,77,93,18,125,656,482,19,2,77,93,1
strava.com,22,15,199,56,17,0,107,18,19,1,22,22,17,0,107,18,1
nianhuo.tmall.com,6,0,0,0,8,0,13,4,11,3,91,56,8,0,13,4,1
fidelity.com,26,41,322,217,19,1,80,86,26,41,322,217,19,1,80,86,1
mangakakalot.com,15,57,116,454,18,13,39,291,16,77,161,494,17,13,39,286,1
igg-games.com,36,147,317,184,19,10,57,100,34,80,317,184,19,10,57,100,1
liveleak.com,27,26,132,116,18,9,82,62,30,26,132,115,18,9,82,62,1
uploaded.net,11,3,36,9,19,6,35,13,11,3,36,9,19,6,35,13,1
redfin.com,25,2,167,134,17,1,79,12,25,2,156,134,17,1,79,12,1
wikiwand.com,11,13,48,43,22,4,33,6,11,13,48,43,22,4,33,6,1
hitomi.la,0,0,6,0,21,5,37,64,0,0,0,0,21,5,37,64,1
bestadbid.com,2,1,27,13,8,0,13,4,7,1,158,42,8,0,13,4,1
adme.ru,33,39,219,159,24,8,49,49,22,44,146,186,24,8,49,49,1
curseforge.com,14,42,163,72,20,5,40,17,14,42,163,72,20,5,40,17,1
drudgereport.com,8,12,6,270,8,0,13,4,8,12,6,270,8,0,13,4,0
analdin.com,0,0,0,0,25,8,53,45,0,0,6,0,25,8,53,45,1
jstor.org,20,4,59,47,18,3,52,41,20,4,59,47,18,3,52,41,1
hamariweb.com,22,262,684,500,18,9,66,65,20,131,684,500,18,9,66,65,1
jpnn.com,28,128,487,333,26,22,51,143,31,146,378,422,26,22,51,143,1
investing.com,24,10,289,165,22,0,120,95,66,67,423,622,22,0,120,95,1
playground.ru,34,134,571,460,28,18,98,166,39,150,619,495,28,18,98,166,1
bancodevenezuela.com,4,10,95,114,20,28,95,28,4,10,95,114,20,28,95,28,1
dailycaller.com,50,4,227,150,24,7,33,29,50,4,227,150,24,7,33,29,1
xhamsterlive.com,0,0,0,0,21,21,103,73,0,0,0,0,21,21,103,73,1
livedoor.biz,0,0,0,0,8,0,13,4,0,0,0,0,8,0,13,4,1
pandora.com,5,2,1,4,17,1,18,7,0,0,18,6,17,1,18,7,1
auto.ru,1,0,6,1,15,0,23,5,1,0,6,1,15,0,23,5,1
teacherspayteachers.com,14,14,19,75,18,11,34,60,10,14,409,335,18,11,34,60,1
wargaming.net,50,20,19,34,24,11,22,58,50,20,19,34,24,11,22,58,1
southwest.com,0,0,0,0,21,7,105,14,0,0,0,0,21,7,105,14,1
n11.com,11,22,67,72,23,14,68,25,36,135,181,390,23,14,68,25,1
harvard.edu,13,16,284,157,27,8,88,72,13,16,284,157,27,8,88,72,1
cnki.net,15,18,56,269,16,0,30,124,15,18,56,269,16,0,30,124,1
iz.ru,63,116,1310,375,19,2,103,66,63,116,1310,375,19,2,103,66,1
coupang.com,28,139,445,123,22,27,96,63,0,0,0,0,23,27,96,64,1
vnexpress.net,20,32,57,148,23,12,50,63,38,95,163,526,23,12,50,63,1
getlnk1.com,0,0,0,0,8,0,13,4,0,0,0,0,8,0,13,4,1
rapidvideo.com,12,45,57,47,17,1,52,17,12,45,57,47,17,1,52,17,1
eztv.io,11,214,20,331,8,0,13,4,9,107,20,331,8,0,13,4,0
ecpms.net,0,0,0,0,8,0,13,4,0,0,0,0,8,0,13,4,0
myhome.tmall.com,11,34,158,48,20,25,118,28,18,171,231,341,20,25,118,28,1
mydrivers.com,2,3,0,3,16,3,17,7,18,61,323,1024,16,3,17,7,1
poe.trade,0,0,0,0,8,0,13,4,0,0,0,0,8,0,13,4,0
kayak.com,182,4,66,15,18,1,63,39,54,4,1113,275,18,1,63,39,1
xiami.com,7,2,40,17,19,1,21,9,11,16,618,155,19,1,21,9,1
rutube.ru,0,0,0,0,34,48,429,168,3,161,1231,474,34,48,429,168,1
europa.eu,8,2,7,36,15,0,20,39,8,2,7,36,15,0,20,39,1
engadget.com,29,85,1250,393,20,7,95,23,29,142,2522,840,20,7,95,23,1
badoo.com,6,0,47,0,8,0,13,4,8,2,107,81,8,0,13,4,0
addroplet.com,0,0,2,0,15,0,27,5,0,0,2,0,15,0,27,5,1
usnews.com,9,34,675,491,19,6,74,33,0,0,0,0,19,6,74,33,1
impress.co.jp,7,21,39,50,24,17,43,26,7,21,39,50,24,17,43,26,1
kerumal.com,2,1,27,13,8,0,13,4,7,1,158,42,8,0,13,4,1
codepen.io,7,16,139,92,8,0,13,4,7,16,140,95,8,0,13,4,0
dhgate.com,5,31,107,53,19,27,64,63,24,79,149,219,19,27,64,63,1
getpocket.com,6,2,26,25,21,5,38,17,6,2,26,25,21,5,38,17,1
hurriyet.com.tr,33,91,274,392,27,10,79,183,46,235,391,495,27,10,79,183,1
issuu.com,14,13,498,634,22,6,38,63,14,13,498,634,22,6,38,63,1
marriott.com,104,7,227,171,21,3,76,20,104,7,227,171,21,3,76,20,1
viu.com,2,20,12,19,22,19,44,22,2,20,12,19,22,19,44,22,1
liquipedia.net,4,2,61,150,20,1,64,34,4,2,61,150,20,1,64,34,1
dlsite.com,14,7,28,45,17,6,20,30,14,7,28,45,17,6,20,30,1
hh.ru,30,5,118,43,8,0,13,4,86,14,315,202,8,0,13,4,1
td.com,13,10,145,65,21,4,108,67,13,10,145,65,21,4,108,67,1
ouo.press,6,5,34,12,18,4,52,12,6,5,34,12,18,4,52,12,1
ctfile.com,0,1,6,2,16,1,24,6,5,13,42,35,16,1,24,6,1
chinadaily.com.cn,0,0,0,0,25,14,77,71,0,0,0,0,25,14,77,71,1
zaycev.net,28,10,165,43,24,19,98,44,52,10,649,245,24,19,98,44,1
tradingview.com,18,81,762,520,17,2,89,328,18,81,762,520,17,2,89,328,1
rus.ec,1,23,0,21,22,6,31,18,1,23,0,21,22,6,31,18,1
mlb.com,29,87,660,497,17,4,65,188,29,87,660,497,17,4,65,188,1
ebates.com,31,144,1158,435,19,13,130,52,38,96,377,337,19,13,130,52,1
cnbc.com,48,9,827,265,20,5,137,38,48,9,827,265,19,4,123,32,1
nbcnews.com,11,2,601,253,16,0,80,46,12,2,601,253,16,0,80,46,1
moviesearchcenter.com,6,0,13,13,16,11,29,19,6,0,13,13,16,11,29,19,1
fanserials.email,7,13,343,2197,21,7,158,101,6,13,341,2182,21,7,158,101,1
bmi.ir,18,112,123,330,16,0,92,243,18,112,123,330,16,0,92,243,1
gazzetta.it,70,77,497,400,19,14,86,172,79,93,514,274,19,14,86,172,1
subito.it,21,0,45,12,18,13,62,36,20,2,29,79,18,13,62,36,1
jimdo.com,14,8,81,65,23,12,51,13,14,8,81,65,23,12,51,13,1
superuser.com,6,0,319,332,17,0,104,99,14,2,302,277,17,0,104,99,1
csc.gov.in,0,0,0,0,8,0,13,4,0,0,0,0,8,0,13,4,1
perfectgirls.net,0,0,6,0,20,10,56,30,0,0,6,0,20,10,56,30,1
delta.com,18,12,110,172,19,8,79,65,29,1,29,61,19,8,79,65,1
gmanetwork.com,12,0,64,18,18,2,44,25,12,0,64,18,18,2,44,25,1
xhhfpakexs.com,0,0,0,0,8,0,13,4,0,0,0,0,8,0,13,4,1
pngtree.com,14,78,345,507,19,9,49,209,14,78,345,507,19,9,49,209,1
cnbeta.com,43,66,306,449,25,6,53,67,43,66,306,447,25,6,53,67,1
tesla.com,22,2,93,89,17,1,40,28,22,2,93,89,17,1,40,28,1
chron.com,46,50,399,329,21,8,50,114,45,108,398,517,21,8,50,114,1
bookmyshow.com,0,0,0,0,8,0,13,4,0,0,0,0,8,0,13,4,0
python.org,8,1,48,203,17,1,35,81,8,1,48,203,17,1,35,81,1
onclicksuper.com,0,0,0,0,8,0,13,4,0,0,0,0,8,0,13,4,0
instructables.com,0,0,0,0,27,19,59,221,0,0,0,0,27,19,59,221,1
brilio.net,42,65,158,226,22,15,70,86,39,72,233,242,22,15,70,86,1
indiamart.com,3,1,30,10,21,23,86,44,15,70,626,734,21,23,86,44,1
enstage-sas.com,7,71,280,72,17,0,80,28,7,71,280,72,17,0,80,28,1
ytimg.com,0,0,0,0,8,0,13,4,0,0,0,0,8,0,13,4,1
jqw.com,18,84,131,911,21,14,41,119,18,84,131,911,21,14,41,119,1
banesconline.com,0,0,0,0,8,0,13,4,0,0,0,0,8,0,13,4,1
miui.com,2,48,107,9,18,5,27,6,7,4,23,31,18,5,27,6,1
dns-shop.ru,47,35,440,218,28,42,171,1459,47,35,450,220,28,42,171,1459,1
google.cz,2,1,31,17,8,0,13,4,7,1,157,43,8,0,13,4,0
hatena.ne.jp,12,128,40,176,18,22,28,28,12,128,40,176,18,22,28,28,1
beinsports.com,6,1,1,13,17,1,19,17,6,1,1,13,17,1,19,17,1
online-convert.com,14,1,78,46,18,8,76,46,14,1,78,46,18,8,76,46,1
gaana.com,9,4,190,113,17,1,62,52,15,159,697,469,17,1,62,52,1
ibm.com,12,18,131,48,20,4,57,14,12,18,131,48,20,4,57,14,1
hepsiburada.com,9,100,982,292,23,10,311,41,32,146,1316,425,23,10,311,41,1
bola.net,0,0,0,0,20,16,105,44,0,0,0,0,20,16,105,44,1
2345.com,52,28,205,486,20,21,60,27,52,28,205,486,20,21,60,27,1
porntrex.com,0,0,6,0,18,7,48,34,0,0,6,0,18,7,48,34,1
t.me,0,0,0,0,21,9,54,20,0,0,0,0,21,9,54,20,1
unblocked.krd,1,137,170,136,18,48,130,59,1,137,170,136,18,48,130,59,1
cdnondemand.org,0,0,0,0,8,0,13,4,0,0,0,0,8,0,13,4,1
mathworks.com,19,13,403,115,20,3,108,23,19,13,403,115,20,3,108,23,1
arxiv.org,1,2,22,264,16,0,19,200,1,2,22,264,16,0,19,200,1
cookpad.com,21,27,169,68,21,18,64,41,22,64,294,246,21,18,64,41,1
www.gov.uk,7,4,65,90,20,1,33,27,7,4,65,90,20,1,33,27,1
push-time.com,0,0,0,0,8,0,13,4,0,0,0,0,8,0,13,4,0
news.com.au,36,52,234,296,20,8,53,344,34,86,366,418,20,8,53,344,1
neobux.com,4,0,10,9,8,0,13,4,4,0,10,9,8,0,13,4,0
bldaily.com,37,194,683,592,23,12,41,128,37,194,683,592,23,12,41,128,1
buy.tmall.com,7,1,27,32,29,24,145,95,7,1,27,32,29,24,145,95,1
thumbzilla.com,0,0,6,0,21,9,36,141,0,0,6,0,21,9,36,141,1
syosetu.com,18,13,144,113,20,14,44,38,19,18,131,135,20,14,44,38,1
wp.com,6,8,223,78,18,2,56,29,6,8,223,78,18,2,56,29,1
celeritascdn.com,0,0,0,0,8,0,13,4,0,0,0,0,8,0,13,4,1
cfts1tifqr.com,0,0,0,0,8,0,13,4,0,0,0,0,8,0,13,4,0
memurlar.net,41,111,317,252,32,63,158,170,34,167,147,284,32,63,158,170,1
xtube.com,0,0,6,0,22,14,52,183,0,0,6,0,22,14,52,183,1
echo.msk.ru,51,141,557,899,22,8,101,134,51,141,557,899,22,8,101,134,1
canada.ca,7,1,10,4,15,0,23,8,7,1,10,4,15,0,23,8,1
groupon.com,19,14,87,15,18,0,232,26,21,17,138,145,18,0,232,26,1
fast.com,1,0,60,39,8,0,13,4,1,0,60,39,8,0,13,4,0
ups.com,10,0,61,296,16,0,37,195,10,0,61,296,16,0,37,195,1
kafan.cn,0,0,0,0,8,0,13,4,0,0,0,0,8,0,13,4,1
lequipe.fr,50,116,848,508,20,12,72,33,50,116,848,508,20,12,72,33,1
51cto.com,9,12,69,47,17,3,41,48,29,61,307,569,17,3,41,48,1
uzone.id,32,45,349,116,27,15,122,35,28,50,364,121,27,15,122,35,1
argaam.com,53,15,594,388,17,3,45,102,54,15,516,566,17,3,45,102,1
jnhmeywrl.com,0,0,0,0,8,0,13,4,0,0,0,0,8,0,13,4,1
webtoons.com,14,19,67,42,22,18,44,21,35,102,453,166,22,18,44,21,1
ted.com,26,4,180,69,19,4,75,40,26,4,180,69,19,4,75,40,1
koindut.com,2,1,27,13,8,0,13,4,7,1,158,42,8,0,13,4,1
bkrs.info,10,77,299,208,20,1,44,112,10,77,299,208,20,1,44,112,1
nature.com,8,17,201,139,20,5,42,56,8,17,201,139,20,5,42,56,1
4channel.org,4,9,60,70,17,2,36,52,4,9,60,70,17,2,36,52,1
infobae.com,47,110,964,337,23,6,64,50,47,110,964,337,23,6,64,50,1
mangarock.com,17,3,144,87,18,6,70,37,17,3,1146,386,18,6,70,37,1
vlive.tv,5,34,219,100,23,16,100,44,5,41,236,220,23,16,100,44,1
err.tmall.com,4,0,11,4,16,1,27,7,9,0,39,15,16,1,27,7,1
dstv.com,24,37,176,261,20,10,53,22,24,37,176,261,20,10,53,22,1
fishki.net,0,0,0,0,20,3,37,68,0,0,0,0,20,3,37,68,1
mynavi.jp,9,13,28,22,22,24,52,40,8,17,28,26,22,24,52,40,1
xbox.com,28,30,92,148,25,12,69,116,23,30,98,149,25,12,69,116,1
ruten.com.tw,25,65,286,698,27,18,77,54,25,65,286,698,27,18,77,54,1
tamilrockerrs.co,16,13,50,819,16,0,25,100,17,13,50,819,16,0,25,100,1
knowyourmeme.com,17,15,54,62,20,4,36,46,20,32,94,198,20,4,36,46,1
envato.com,8,6,95,107,17,0,42,27,8,6,95,107,17,0,42,27,1
moe.gov.sa,66,99,426,236,27,13,122,169,66,99,426,236,27,13,122,169,1
chinaz.com,13,21,78,37,17,10,61,37,23,322,1925,1911,17,10,61,37,1
academic.ru,28,4,29,503,22,0,30,59,35,4,44,503,22,0,30,59,1
fedex.com,14,6,89,227,16,0,34,58,12,5,89,227,16,0,34,58,1
elbotola.com,18,3,173,60,8,0,13,4,19,421,669,578,8,0,13,4,0
i-register.in,2,1,10,6,16,2,29,16,2,1,10,6,16,2,29,16,1
aminoapps.com,11,40,88,47,22,36,68,35,10,39,87,45,22,36,68,35,1
vporn.com,0,0,6,0,23,38,101,59,0,0,6,0,23,38,101,59,1
streamango.com,18,4,88,20,17,3,53,9,18,4,88,20,17,3,53,9,1
upgers-armine.com,0,0,0,0,8,0,13,4,0,0,0,0,8,0,13,4,0
carcc.net,11,21,9,38,25,14,25,27,11,21,9,38,25,14,25,27,1
pornhubpremium.com,20,8,30,22,19,7,42,22,0,0,0,0,19,7,42,22,1
google.com.my,2,1,31,16,8,0,13,4,7,1,157,42,8,0,13,4,0
surveymonkey.com,14,19,80,131,18,5,54,45,14,19,80,131,18,5,54,45,1
sakshi.com,28,97,399,196,20,9,80,184,38,200,988,516,20,9,80,184,1
nvsp.in,7,11,110,26,18,7,99,24,7,11,110,26,18,7,99,24,1
bulbagarden.net,2,8,30,28,20,7,48,31,2,8,30,28,20,7,48,31,1
zing.vn,0,0,0,0,20,8,32,102,0,0,0,0,20,8,32,102,1
performanceonclick.com,0,0,0,0,8,0,13,4,0,0,0,0,8,0,13,4,0
tudou.com,7,0,35,0,24,7,52,11,6,121,625,295,24,7,52,11,1
myntra.com,16,2,16,6,8,0,13,4,16,0,115,405,8,0,13,4,0
zara.com,26,1,19,100,16,1,20,4,24,0,19,100,16,1,20,4,1
repelis.live,8,63,419,161,20,10,76,18,8,63,419,161,20,10,76,18,1
verizonwireless.com,11,12,267,47,18,0,78,80,11,12,267,47,18,0,78,80,1
crabsecret.tmall.com,10,2,34,14,8,0,13,4,27,4,233,300,8,0,13,4,1
torrent9.uno,0,0,0,0,16,0,32,51,0,0,0,0,16,0,32,51,1
sportbox.ru,55,104,673,476,19,9,102,173,55,104,673,476,19,9,102,173,1
timeanddate.com,7,7,88,183,21,7,74,158,7,7,92,188,21,7,74,158,1
farfetch.com,14,34,349,634,17,2,84,532,14,34,349,634,17,2,84,532,1
ubisoft.com,6,29,128,54,15,0,22,6,6,29,128,54,15,0,22,6,1
drtuber.com,0,0,0,0,22,20,23,22,0,0,0,0,22,20,23,22,1
moneymake.site,1,0,9,0,8,0,13,4,1,0,9,0,8,0,13,4,0
w3school.com.cn,2,0,18,129,16,0,23,84,2,0,18,129,16,0,23,84,1
meetup.com,0,0,0,0,19,7,64,19,15,7,186,66,20,7,64,20,1
ukr.net,3,0,194,118,20,0,64,30,56,18,270,241,20,0,64,30,1
united.com,7,0,1,0,8,0,13,4,0,0,0,0,8,0,13,4,0
jooble.org,2,2,14,73,17,0,21,55,2,1,17,72,17,0,21,55,1
nbcsports.com,25,30,217,128,23,8,186,57,25,30,217,128,23,8,186,57,1
iitm.ac.in,0,0,0,0,8,0,13,4,0,0,0,0,8,0,13,4,1
farsnews.com,5,79,455,815,20,9,73,238,5,79,455,815,20,9,73,238,1
adp.com,14,40,197,241,23,7,55,143,14,40,197,241,23,7,55,143,1
huffingtonpost.com,0,0,0,0,8,0,13,4,58,31,420,178,20,9,105,23,1
paytm.in,0,0,0,0,8,0,13,4,0,0,0,0,8,0,13,4,1
thehindu.com,70,109,780,750,21,9,91,84,69,109,780,750,21,9,91,84,1
lds.org,14,15,65,34,21,5,36,9,14,15,65,34,21,5,36,9,1
gnula.nu,0,0,0,0,8,0,13,4,0,0,0,0,8,0,13,4,0
scroll.in,15,32,75,83,19,10,43,51,15,32,75,83,19,10,43,51,1
tsa-algerie.com,44,2,480,181,21,8,85,28,49,17,199,236,21,8,85,28,1
android.com,11,324,962,509,19,3,30,19,11,324,962,509,19,3,30,19,1
addthis.com,24,16,62,66,8,0,13,4,24,16,62,66,8,0,13,4,0
nasa.gov,9,0,3,0,20,3,50,79,9,0,3,0,20,3,50,79,1
yodobashi.com,36,2,1024,303,21,7,128,69,52,123,963,663,21,7,128,69,1
vjav.com,0,0,0,0,21,16,88,33,23,104,681,225,21,16,88,33,1
prnt.sc,13,1,46,43,8,0,13,4,13,1,46,43,8,0,13,4,0
huffpost.com,0,0,0,0,20,9,105,23,58,31,420,178,20,9,105,23,1
howtogeek.com,15,38,91,111,21,11,42,43,20,58,144,136,21,11,42,43,1
opensubtitles.org,33,45,135,264,17,5,76,173,33,24,135,264,17,5,76,173,1
turnitin.com,6,12,90,62,17,4,44,17,6,12,90,62,17,4,44,17,1
lotterypost.com,11,9,33,39,18,6,32,11,21,16,380,576,18,6,32,11,1
skysports.com,48,44,290,234,16,0,95,85,48,44,290,234,16,0,95,85,1
bicentenariobu.com,0,0,0,0,8,0,13,4,0,0,0,0,8,0,13,4,1
thoughtco.com,6,5,62,23,19,5,31,45,6,5,68,21,19,5,31,45,1
tass.ru,75,34,492,117,21,5,53,59,73,5,788,178,21,5,53,59,1
canalrcn.com,19,41,223,95,23,10,92,22,19,41,223,95,23,10,92,22,1
bluestacks.com,16,102,211,197,25,8,24,58,16,102,211,195,25,8,24,58,1
fscslwmvbadncb.com,0,0,0,0,8,0,13,4,0,0,0,0,8,0,13,4,1
okcupid.com,0,0,6,0,16,1,37,13,0,0,6,0,16,1,37,13,1
kohls.com,30,30,151,95,23,12,80,39,0,0,0,0,24,12,80,40,1
firefox.com,8,6,61,120,16,1,34,38,8,6,61,120,16,1,34,38,1
tmofans.com,21,3,537,362,16,0,67,35,25,3,538,362,16,0,67,35,1
schoology.com,15,20,149,56,21,3,56,22,15,20,149,56,21,3,56,22,1
tmz.com,11,0,3,0,8,0,13,4,92,90,361,413,8,0,13,4,0
yandex.com,7,1,54,11,8,0,13,4,13,1,56,22,8,0,13,4,0
tarafdari.com,13,211,522,605,21,14,39,69,13,211,522,605,21,14,39,69,1
imagetwist.com,15,4,20,18,8,0,13,4,15,4,20,18,8,0,13,4,0
trulia.com,24,2,186,172,18,1,114,120,24,2,174,201,18,1,114,120,1
hi.gt,0,0,0,0,18,1,37,36,0,0,0,0,18,1,37,36,1
aa.com,55,9,122,77,21,3,64,50,59,18,133,104,21,3,64,50,1
storm.mg,24,147,799,620,19,2,63,73,24,147,799,620,19,2,63,73,1
iherb.com,0,0,0,0,19,4,45,12,0,0,0,0,19,4,45,12,1
eastmoney.com,1,1,1,3,20,12,63,86,16,94,1085,2024,20,12,63,86,1
google.co.ao,2,1,31,17,8,0,13,4,7,1,157,43,8,0,13,4,0
comandotorrents.com,16,45,108,252,8,0,13,4,17,45,108,255,8,0,13,4,0
runtnc.net,0,0,0,0,8,0,13,4,0,0,0,0,8,0,13,4,0
shop-apotheke.com,25,49,156,160,8,0,13,4,29,37,217,150,8,0,13,4,0
youla.ru,19,3,600,42,19,6,49,18,19,3,617,42,19,6,49,18,1
gap.com,22,29,159,46,23,10,85,27,0,0,0,0,24,10,85,28,1
ryanair.com,12,2,45,113,18,2,81,61,42,1,7,0,18,2,81,61,1
asahi.com,29,137,110,316,21,11,36,62,32,171,227,660,21,11,36,62,1
el-nacional.com,19,134,498,570,17,0,57,83,19,134,498,570,17,0,57,83,1
audible.com,17,47,828,54,19,3,95,30,17,47,828,54,19,3,95,30,1
himado.in,15,11,29,30,17,8,38,31,15,25,160,145,17,8,38,31,1
arcot.com,23,9,437,196,17,1,89,156,23,9,437,196,17,1,89,156,1
sofascore.com,15,54,151,128,18,3,39,73,15,54,151,128,18,3,39,73,1
thehill.com,38,34,42,78,21,25,62,53,51,35,292,384,21,25,62,53,1
dazn.com,1,0,6,0,16,1,32,7,1,0,6,0,16,1,32,7,1
programme-tv.net,17,80,230,149,20,31,83,43,18,118,1059,262,20,31,83,43,1
duowan.com,29,446,1448,870,20,14,42,89,29,446,1448,870,20,14,42,89,1
123movies2019.com,20,3,62,45,16,2,28,24,20,3,62,45,16,2,28,24,1
zomato.com,23,14,134,43,8,0,13,4,0,0,0,0,8,0,13,4,1
gap.tmall.com,10,2,34,14,8,0,13,4,45,83,290,494,8,0,13,4,1
film2movie.ws,6,29,134,605,17,5,56,38,6,29,134,605,17,5,56,38,1
digitaltrends.com,0,0,0,0,23,10,38,97,33,31,158,223,23,10,38,97,1
blibli.com,10,2,4,0,25,33,216,67,0,0,0,0,26,33,216,68,1
usaa.com,25,6,89,72,18,1,34,9,7,1,70,112,17,1,34,8,1
eroterest.net,5,25,380,238,20,3,98,67,7,36,462,371,20,3,98,67,1
rozetka.com.ua,11,0,3,0,21,9,101,44,56,4,101,36,21,9,101,44,1
8maple.ru,18,20,70,50,18,8,64,43,19,49,206,137,18,8,64,43,1
lifo.gr,27,76,586,255,18,4,68,197,42,109,1170,340,18,4,68,197,1
linkshrink.net,3,12,32,19,17,10,34,8,3,12,32,19,17,10,34,8,1
keyrolan.com,0,0,0,0,8,0,13,4,0,0,0,0,8,0,13,4,1
teamviewer.com,20,30,220,128,18,14,146,53,20,28,220,128,18,14,146,53,1
royalbank.com,3,0,0,0,21,6,59,61,3,0,0,0,21,6,59,61,1
nexon.com,5,0,3,0,43,28,82,87,5,0,3,0,43,28,82,87,1
commentcamarche.net,28,37,115,268,21,6,36,121,26,36,115,268,21,6,36,121,1
reverb.com,19,25,736,156,8,0,13,4,19,25,736,156,8,0,13,4,1
metacritic.com,47,33,380,74,19,5,88,49,36,57,244,243,19,5,88,49,1
futbin.com,16,200,468,372,25,37,245,176,16,200,465,364,25,37,245,176,1
edx.org,15,1,10,2,19,5,58,27,15,1,10,2,19,5,58,27,1
dribbble.com,93,130,186,344,20,19,78,70,93,130,186,344,20,19,78,70,1
makemytrip.com,15,1,1,0,19,10,66,16,0,0,0,0,20,10,66,17,1
resultados-futbol.com,27,103,86,77,19,18,50,37,41,1388,861,1950,19,18,50,37,1
jeuxvideo.com,9,64,487,108,8,0,13,4,9,64,487,108,8,0,13,4,1
zougla.gr,56,288,1473,673,20,22,88,96,56,288,1473,673,20,22,88,96,1
limetorrents.info,5,16,13,19,8,0,13,4,3,8,13,19,8,0,13,4,0
dawn.com,29,81,565,492,30,14,127,72,29,81,565,492,30,14,127,72,1
